trial_index,S,B,latency_s,peak_memory_bytes,energy_j,status,energy_method,energy_j_from_counter,energy_j_from_power,is_validation,repeats,latency_repeats,latency_window_s,warmup_repeats,warmup_window_s,oom_retries,latency_mad_s,power_samples,distinct_power_readings,power_window_s,free_memory_bytes_before,gpu_temp_c_before,gpu_temp_c_after,sm_clock_mhz_before,sm_clock_mhz_after,power_w_before,power_w_after,measurement_warning,trial_count,latency_trial_mad_s,energy_trial_mad_j,peak_memory_range_bytes
0,256,8,0.0027918770000496806,49381376,0.19667012252591895,ok,nvml_counter,0.19667012252591895,0.19426614529578878,0,1061,179,0.5004485489999979,118,0.5009790039999871,0,6.397999868568149e-06,127,25,3.002651462000017,15473639424,42,48,585,1200,26.093,69.244,,1,,,
1,256,8,0.0028287129999853278,49381376,0.19086037735849057,ok,nvml_counter,0.19086037735849057,0.19560183329506503,0,1060,177,0.5006501290000642,180,0.500879775000044,0,3.5200000070290116e-05,126,23,3.0026081780000595,15471542272,47,50,1560,1200,32.397,69.594,,1,,,
2,256,8,0.002892483499977061,49381376,0.19961148325358852,ok,nvml_counter,0.19961148325358852,0.19622843859334657,0,1045,174,0.5012104610000279,178,0.5028454780000402,0,1.6397000024426234e-05,125,22,3.00191568799994,15471542272,49,52,1575,1140,35.621,68.754,,1,,,
0,224,229,0.08865557300003957,1194426368,6.1037058823529415,ok,nvml_counter,6.1037058823529415,5.997116494768092,1,34,20,1.773354089999998,20,1.7914822819999472,0,0.0006976045000328668,121,29,3.0185355369999343,15471542272,51,55,1575,1020,31.686,62.551,,1,,,
1,224,229,0.08952780399994253,1194426368,6.098205882352941,ok,nvml_counter,6.098205882352941,6.056018027662942,1,34,20,1.7844371479999381,20,1.7842317309999771,0,0.0007492645000297671,121,24,3.036905651999973,15471542272,54,57,1575,915,31.21,62.944,,1,,,
2,224,229,0.08952103300003955,1194426368,6.037764705882353,ok,nvml_counter,6.037764705882353,6.076544603531619,1,34,20,1.7956334509999579,20,1.7946536719999813,0,0.000698999000007916,123,27,3.068150629999991,15471542272,56,59,1560,1005,31.407,63.986,,1,,,
0,384,256,0.2789770210000597,3384287232,18.871100000000002,ok,nvml_counter,18.871100000000002,18.99998071947741,0,20,20,5.576304154000013,20,5.570041009999954,0,0.0010362289999648056,222,52,5.617424820999986,15471542272,59,65,1575,840,32.477,68.754,,1,,,
1,384,256,0.2839737179999702,3384287232,19.105150000000002,ok,nvml_counter,19.105150000000002,19.335110448453698,0,20,20,5.680934259999958,20,5.646055061999959,0,0.00025485800011892934,223,49,5.714615835000018,15471542272,64,70,1560,810,32.774,65.222,,1,,,
2,384,256,0.28989399699997875,3384287232,19.706899999999997,ok,nvml_counter,19.706899999999997,19.40223178552859,0,20,20,5.798467849000076,20,5.757721065999931,0,0.0006008109999697808,229,45,5.836418741999978,15471542272,69,74,1560,720,33.367,72.001,,1,,,
0,256,32,0.010970322999980908,223518720,0.737919708029197,ok,nvml_counter,0.737919708029197,0.7350639210046946,0,274,46,0.5047836329999882,46,0.5037919349999811,0,2.9277999999521853e-05,124,18,3.004876600999978,15471542272,74,75,1440,885,36.708,66.931,,1,,,
1,256,32,0.010988450000013472,223518720,0.7423736263736264,ok,nvml_counter,0.7423736263736264,0.7387825148473094,0,273,46,0.5058377719999498,47,0.5059708269999419,0,2.9753999967851996e-05,121,16,3.006802984999922,15471542272,75,77,1560,885,36.115,66.89,,1,,,
2,256,32,0.01103671799995709,223518720,0.7453823529411765,ok,nvml_counter,0.7453823529411765,0.7389857384669277,0,272,46,0.5079203179999467,47,0.5072914669999591,0,4.1084499969201715e-05,122,19,3.004194781000024,15471542272,76,78,1560,855,36.708,68.305,,1,,,
0,272,4,0.0018343289999620538,33853440,0.12244593769089798,ok,nvml_counter,0.12244593769089798,0.12188135978073313,1,1637,273,0.5010974570000144,276,0.5012782659999857,0,7.671000048503629e-06,126,19,3.000721584999951,15471542272,77,79,1560,1005,36.51,66.497,,1,,,
1,272,4,0.0018344974999990882,33853440,0.12297607361963189,ok,nvml_counter,0.12297607361963189,0.12253055139848175,1,1630,272,0.5000225920000503,277,0.5012501599999268,0,4.478999983348331e-06,126,19,3.0003107060000502,15471542272,78,80,1560,1080,38.761,66.007,,1,,,
2,272,4,0.0018350385000189817,33853440,0.1235218730745533,ok,nvml_counter,0.1235218730745533,0.12297260998525235,1,1623,272,0.5004872910000131,277,0.5016276909999533,0,5.877000035070523e-06,126,19,3.0011812559999953,15471542272,79,81,1545,1005,40.044,66.653,,1,,,
0,368,33,0.026474484499999562,553811968,1.7887876106194691,ok,nvml_counter,1.7887876106194691,1.7653639594015813,1,113,20,0.5294265590000578,20,0.5208090810000385,0,0.0001730230000021038,123,21,3.007059543999958,15471542272,80,81,1455,795,41.304,65.811,,1,,,
1,368,33,0.02665545350004095,553811968,1.7899115044247786,ok,nvml_counter,1.7899115044247786,1.779819617081188,1,113,20,0.5318904900000234,20,0.5286889390000624,0,0.0001465435000227444,124,18,3.010973836000062,15471542272,80,80,1560,780,37.696,66.007,,1,,,
2,368,33,0.026484300499987512,553811968,1.7647391304347826,ok,nvml_counter,1.7647391304347826,1.758485769047389,1,115,20,0.5293951549999747,20,0.5190089809999563,0,9.878899993509549e-05,123,17,3.01361823000002,15471542272,80,79,1545,795,35.72,68.165,,1,,,
0,112,64,0.00501952600001232,68780032,0.3340666666666667,ok,nvml_counter,0.3340666666666667,0.332618731953279,1,600,100,0.5006306209999138,101,0.5010543360000383,0,1.566050002566044e-05,125,23,3.0002531220000037,15471542272,78,78,1560,915,38.069,69.398,,1,,,
1,112,64,0.005007293999938156,68780032,0.33301160862354895,ok,nvml_counter,0.33301160862354895,0.33025589884039896,1,603,101,0.5033431809999911,103,0.503091196000014,0,3.002200003265898e-05,124,24,3.002044934999958,15471542272,77,77,1560,945,37.971,66.694,,1,,,
2,112,64,0.005000085999995463,68780032,0.33134925864909387,ok,nvml_counter,0.33134925864909387,0.3286449019106525,1,607,101,0.5011690520000229,104,0.5040535269999964,0,3.545599997778481e-05,125,24,3.001991910000015,15471542272,77,77,1560,960,38.168,66.497,,1,,,
0,64,16,0.0005846640000299885,19497472,0.040452837650781094,ok,nvml_counter,0.040452837650781094,0.04034525799104586,0,5057,845,0.5002975139999535,776,0.5002005280000503,0,6.96400002198061e-06,129,23,3.0003622809999797,15471542272,76,76,1545,1380,38.958,68.558,,1,,,
1,64,16,0.0005864580000434216,19497472,0.04041297062881924,ok,nvml_counter,0.04041297062881924,0.040321174585024266,0,5073,845,0.5001715770000601,844,0.5003910980000228,0,8.21500009351439e-06,130,20,3.000215715999957,15471542272,76,76,1575,1335,40.712,69.189,,1,,,
2,64,16,0.000582580000013877,19497472,0.040226860968885385,ok,nvml_counter,0.040226860968885385,0.04007385020232454,0,5078,845,0.5005594079999582,851,0.5001566409999896,0,7.760000016787671e-06,129,20,3.000226257999998,15471542272,76,76,1575,1350,39.748,69.006,,1,,,
0,256,252,0.12812947899999472,1674674176,8.473791666666667,ok,nvml_counter,8.473791666666667,8.59284302525405,1,24,20,2.563141244999997,20,2.567927270999917,0,0.00043787700002440033,122,25,3.072169930999962,15471542272,75,75,1575,810,40.341,69.496,,1,,,
1,256,252,0.12794967799999313,1674674176,8.462458333333332,ok,nvml_counter,8.462458333333332,8.551433212341083,1,24,20,2.560465868000051,20,2.5567772850000665,0,0.0004541644999562777,122,27,3.0703690340000094,15471542272,74,75,1575,810,35.246,62.256,,1,,,
2,256,252,0.12791541249998772,1674674176,8.730333333333332,ok,nvml_counter,8.730333333333332,8.526445122936462,1,24,20,2.565708848999975,20,2.561072205999949,0,0.0005004209999697196,122,25,3.084505077000017,15471542272,74,75,1200,930,42.094,70.084,,1,,,
0,224,64,0.01705936150000298,335904768,1.1253028571428572,ok,nvml_counter,1.1253028571428572,1.1546086360637786,0,175,30,0.5131421309999951,30,0.5128075469999658,0,5.9558500083767285e-05,124,17,3.001296999000033,15471542272,75,76,1560,885,36.313,40.834,,1,,,
1,224,64,0.017109341999969274,335904768,1.1652,ok,nvml_counter,1.1652,1.159366810101188,0,175,30,0.5141876699999557,30,0.5092020660000571,0,6.547749995888807e-05,124,19,3.0137346300000445,15471542272,75,77,1560,855,41.131,67.339,,1,,,
2,224,64,0.017273839000040425,335904768,1.1772658959537572,ok,nvml_counter,1.1772658959537572,1.1595981098946315,0,173,29,0.5016366620000099,30,0.5118390780000937,0,0.0001229839999723481,124,16,3.00113792500008,15471542272,76,77,1560,855,37.4,67.969,,1,,,
0,512,128,0.26355612550003116,3092348928,17.57565,ok,nvml_counter,17.57565,17.46408087462472,0,20,20,5.272999319000064,20,5.2364882399999715,0,0.00022323899997900298,205,37,5.255686632999982,15471542272,77,78,1215,690,42.587,70.28,,1,,,
1,512,128,0.26357426650002935,3092348928,17.58625,ok,nvml_counter,17.58625,17.470153661137793,0,20,20,5.272402542000009,20,5.258655911000005,0,0.00021411599999510145,206,37,5.256716100000062,15471542272,78,77,1545,750,38.958,66.833,,1,,,
2,512,128,0.26134542900001634,3092348928,17.231299999999997,ok,nvml_counter,17.231299999999997,17.392690594020497,0,20,20,5.2215326489999825,20,5.246294086000034,0,0.0011449089999473472,203,32,5.214494155000011,15471542272,77,76,1560,810,34.455,65.164,,1,,,
0,128,229,0.03101112199999534,399384576,2.0659897959183673,ok,nvml_counter,2.0659897959183673,2.058248146015874,1,98,20,0.6201169280000158,20,0.6161036910000348,0,0.0001225219999696492,124,24,3.01483655800007,15471542272,76,76,1560,885,42.784,66.301,,1,,,
1,128,229,0.030721460499989917,399384576,2.001561224489796,ok,nvml_counter,2.001561224489796,2.053792866944141,1,98,20,0.6163518420000855,20,0.6124657110000271,0,0.00028593100000762206,122,25,3.011245113999962,15471542272,76,76,1560,900,35.74,56.43,,1,,,
2,128,229,0.030717000499976166,399384576,2.064173469387755,ok,nvml_counter,2.064173469387755,2.0550395044101704,1,98,20,0.6159005199999683,20,0.6091783340000347,0,0.00028882299994847926,122,22,3.0135291930000676,15471542272,75,76,1455,900,40.341,68.558,,1,,,
0,256,229,0.12150463299997227,1553563648,8.09024,ok,nvml_counter,8.09024,8.04652215919299,1,25,20,2.42930335199992,20,2.4171354779999774,0,0.0001837884999531525,121,26,3.022356725999998,15471542272,76,76,1560,795,37.202,69.343,,1,,,
1,256,229,0.12158141850005677,1553563648,8.08932,ok,nvml_counter,8.08932,8.049114783264155,1,25,20,2.4305552639999632,20,2.4254813280000462,0,0.00014352799996686372,121,24,3.0445404350000445,15471542272,76,77,1545,780,36.708,64.28,,1,,,
2,256,229,0.12158867900001269,1553563648,8.09808,ok,nvml_counter,8.09808,8.067713008806857,1,25,20,2.4330239369999163,20,2.423749675999943,0,0.00040232600002809704,122,23,3.0394302799999195,15471542272,76,77,1545,780,35.048,63.887,,1,,,
0,272,2,0.0009787630000346326,23822336,0.06400229508196721,ok,nvml_counter,0.06400229508196721,0.06579416972416725,1,3050,509,0.5000189059999229,505,0.5003641949999746,0,8.643000114716415e-06,127,21,3.000267266000037,15471542272,76,77,1305,1080,37.993,66.203,,1,,,
1,272,2,0.0009812629999714773,23822336,0.06627589608681354,ok,nvml_counter,0.06627589608681354,0.06572601413757166,1,3041,509,0.5008305339999879,516,0.5003159350000033,0,1.1369999924681906e-05,127,18,3.0008238530000426,15471542272,77,78,1560,1080,40.933,66.047,,1,,,
2,272,2,0.000988767999956508,23822336,0.0662940401712216,ok,nvml_counter,0.0662940401712216,0.06589122540783243,1,3037,507,0.5008733230000644,518,0.5004285070000378,0,9.348000048703398e-06,126,18,3.000643494999963,15471542272,77,78,1545,1065,37.103,66.538,,1,,,
0,272,32,0.012790844499988907,234201088,0.8667872340425532,ok,nvml_counter,0.8667872340425532,0.860653114267976,1,235,40,0.5111283420000063,40,0.5028458269999874,0,9.899050002104559e-05,123,16,3.005461215000082,15471542272,77,77,1560,840,37.894,67.675,,1,,,
1,272,32,0.012722616000019116,234201088,0.8690212765957447,ok,nvml_counter,0.8690212765957447,0.8601189971650918,1,235,40,0.5099837130001106,40,0.5031252349999704,0,7.876649999616347e-05,123,20,3.0011943039999096,15471542272,77,77,1560,840,36.609,67.184,,1,,,
2,272,32,0.012799545499944998,234201088,0.8628389830508474,ok,nvml_counter,0.8628389830508474,0.8565978229151281,1,236,40,0.51091226799997,40,0.5019255460000522,0,4.556599998295496e-05,122,19,3.0044136369999705,15471542272,76,77,1530,885,36.708,66.694,,1,,,
0,32,33,0.0006288580000273214,16027648,0.044081851296335975,ok,nvml_counter,0.044081851296335975,0.04396428921813385,1,4667,787,0.5003648949999615,756,0.5002387789999148,0,8.960000059232698e-06,129,20,3.000076485999898,15471542272,76,77,1560,1425,36.807,66.988,,1,,,
1,32,33,0.0006295160000036049,16027648,0.043803198294243076,ok,nvml_counter,0.043803198294243076,0.04363583488245745,1,4690,784,0.5001644589999614,787,0.500252645000046,0,9.044000080393744e-06,130,20,3.0006020120000585,15471542272,77,77,1575,1440,40.933,68.852,,1,,,
2,32,33,0.0006302429999323067,16027648,0.04392937913377427,ok,nvml_counter,0.04392937913377427,0.043633026354806474,1,4687,784,0.5001981460000025,784,0.5002595979999569,0,1.039400001445756e-05,130,21,3.0002500110000483,15471542272,77,77,1575,1470,41.131,65.77,,1,,,
0,32,16,0.000454285000046184,14843904,0.030871920428462124,ok,nvml_counter,0.030871920428462124,0.030812031569015887,0,6535,1019,0.5001201879999826,1024,0.5003923209999357,0,9.831000056692574e-06,132,16,3.0004232459999685,15471542272,77,77,1575,1590,41.205,67.282,,1,,,
1,32,16,0.00045125150001013026,14843904,0.030927527311894135,ok,nvml_counter,0.030927527311894135,0.03093018964672735,0,6499,1088,0.5002161840000099,1093,0.5000786239999115,0,7.654000057755184e-06,132,13,3.000430268999935,15471542272,76,77,1590,1590,42.094,66.734,,1,,,
2,32,16,0.00045167199999696095,14843904,0.03129012539184953,ok,nvml_counter,0.03129012539184953,0.031222937856703607,0,6380,1080,0.5000522110000247,1083,0.5003629349999983,0,7.860000039272563e-06,132,21,3.0003552770000397,15471542272,76,77,1590,1590,42.686,66.653,,1,,,
0,64,32,0.0009683605000532225,22642688,0.06373631357304826,ok,nvml_counter,0.06373631357304826,0.06534433821454522,0,3087,514,0.5001734590000524,516,0.5001287830000365,0,8.680500002355984e-06,128,20,3.0003992069999867,15471542272,76,76,1590,1275,42.192,66.007,,1,,,
1,64,32,0.0009671024999988731,22642688,0.06574070481732945,ok,nvml_counter,0.06574070481732945,0.06521694961185591,0,3093,514,0.500415385999986,521,0.5002726590000748,0,8.324500015532976e-06,129,23,3.0005642520000038,15471542272,76,76,1575,1260,47.564,67.871,,1,,,
2,64,32,0.0009655320000092615,22642688,0.06368747978000647,ok,nvml_counter,0.06368747978000647,0.06494394621330953,0,3091,515,0.5001891900000146,521,0.5006874399999788,0,8.198000045922527e-06,127,19,3.000852092999935,15471542272,75,76,1575,1275,40.933,66.89,,1,,,
0,448,33,0.0367736179999838,781844480,2.4804878048780488,ok,nvml_counter,2.4804878048780488,2.4533648752888086,1,82,20,0.7392562679999628,20,0.730019688000084,0,0.0002383654999675855,124,21,3.0256032169999116,15471542272,75,75,1575,855,44.758,48.648,,1,,,
1,448,33,0.036812704000055874,781844480,2.398731707317073,ok,nvml_counter,2.398731707317073,2.45427130344205,1,82,20,0.7385388980000016,20,0.7319411359999322,0,0.00021365149996199762,124,21,3.0207969379999895,15471542272,75,75,1500,855,48.648,49.801,,1,,,
2,448,33,0.03676203700007363,781844480,2.4019146341463413,ok,nvml_counter,2.4019146341463413,2.4717752880582964,1,82,20,0.7373797929999455,20,0.7307430979999481,0,0.00019065200007162275,123,23,3.0202311710000913,15471542272,75,75,1515,840,39.353,48.451,,1,,,
0,272,64,0.02488341200000832,451387392,1.6877768595041323,ok,nvml_counter,1.6877768595041323,1.6843352256741653,1,121,21,0.5222917180000195,21,0.515826254999979,0,0.00014430900000661495,123,19,3.022638002000008,15471542272,75,76,1530,840,41.699,67.731,,1,,,
1,272,64,0.025164989000018068,451387392,1.6429416666666665,ok,nvml_counter,1.6429416666666665,1.6844527326268335,1,120,20,0.5027119189999212,21,0.5167977520000022,0,0.0001472524999712732,122,16,3.016529040999899,15471542272,75,76,1530,825,34.653,43.179,,1,,,
2,272,64,0.0253247105000014,451387392,1.6999250000000001,ok,nvml_counter,1.6999250000000001,1.6907503607701126,1,120,20,0.5065521400000534,21,0.5178999249999379,0,0.00022226950000003853,122,19,3.021006290999935,15471542272,75,76,1560,825,41.995,68.067,,1,,,
0,112,2,0.0005370169999423524,24725504,0.03814396313364055,ok,nvml_counter,0.03814396313364055,0.03780196888741566,1,5425,911,0.5004396759999281,911,0.5000178259999757,0,1.0481000003892404e-05,128,22,3.000432131000025,15471542272,76,77,1530,1455,36.51,69.845,,1,,,
1,112,2,0.000537162000000535,24725504,0.037634773100054676,ok,nvml_counter,0.037634773100054676,0.03742972907268855,1,5487,907,0.5004523769999878,914,0.5004716950001011,0,9.88299996151909e-06,128,20,3.000067835999971,15471542272,76,78,1575,1455,41.032,69.159,,1,,,
2,112,2,0.0005368139999859523,24725504,0.03825305895439377,ok,nvml_counter,0.03825305895439377,0.03788856910783614,1,5394,896,0.5001762919999919,908,0.5000377160000653,0,9.24450000638899e-06,128,22,3.000391172000036,15471542272,77,78,1575,1455,69.159,68.963,,1,,,
0,512,64,0.08594281650005087,1553596416,5.646472222222222,ok,nvml_counter,5.646472222222222,5.721119455136453,0,36,20,1.7147931150000204,20,1.7049454770000239,0,0.000977305499986869,125,26,3.082531130999996,15471542272,77,77,1575,825,44.83,41.822,,1,,,
1,512,64,0.08585031149999622,1553596416,5.841027777777778,ok,nvml_counter,5.841027777777778,5.717669903903668,0,36,20,1.714604381000072,20,1.7057350129999804,0,0.0007390640000153326,124,22,3.0740540740000597,15471542272,77,77,1560,915,41.822,68.558,,1,,,
2,512,64,0.0851127435000194,1553596416,5.657916666666667,ok,nvml_counter,5.657916666666667,5.707046486299074,0,36,20,1.7035490239999262,20,1.6986302840000462,0,0.0008340100000054917,123,27,3.0618233349999855,15471542272,77,77,1560,825,39.946,51.672,,1,,,
0,448,4,0.004728081999985534,68780032,0.30625511811023626,ok,nvml_counter,0.30625511811023626,0.3144772031996634,1,635,106,0.5040595330000315,107,0.5013118129999157,0,3.524499999230102e-05,126,18,3.0013149709999425,15471542272,76,77,1560,945,43.377,53.511,,1,,,
1,448,4,0.004718520499977785,68780032,0.3061320754716981,ok,nvml_counter,0.3061320754716981,0.31441277350050584,1,636,106,0.5038410969999632,109,0.5046944819999908,0,3.552899994474501e-05,125,19,3.0038541610000493,15471542272,76,77,1530,990,53.511,45.323,,1,,,
2,448,4,0.0047033860000169625,68780032,0.30686593059936906,ok,nvml_counter,0.30686593059936906,0.3153511499221307,1,634,106,0.5009763020000264,109,0.5029864840000755,0,1.2767000043822918e-05,125,21,3.0017343380000057,15471542272,76,77,1560,930,45.323,66.145,,1,,,
0,272,8,0.0035426384999937,53977088,0.23757328605200945,ok,nvml_counter,0.23757328605200945,0.23374654290060964,1,846,142,0.5032196030000478,142,0.5003790600000002,0,1.2449499990907498e-05,126,19,3.0028038059999744,15471542272,76,77,1545,960,40.265,65.4,,1,,,
1,272,8,0.0035490410000420525,53977088,0.22965562130177514,ok,nvml_counter,0.22965562130177514,0.2347917375949161,1,845,141,0.5008365159999357,144,0.5023145379999505,0,9.853000051407435e-06,126,22,3.0011019099999885,15471542272,76,77,1560,960,38.19,65.712,,1,,,
2,272,8,0.003540847999943253,53977088,0.23750117924528302,ok,nvml_counter,0.23750117924528302,0.23549660311058612,1,848,141,0.5000386729999491,144,0.5011194840000144,0,9.66699997206888e-06,126,19,3.0022151869999334,15471542272,76,77,1560,960,40.167,68.067,,1,,,
0,384,128,0.14479291750001266,1699840000,9.673761904761905,ok,nvml_counter,9.673761904761905,9.679836365598849,0,21,20,2.9004989659999865,20,2.9008352210000794,0,0.00031677349994652104,121,22,3.0442729639999015,15471542272,76,76,1560,780,35.543,68.656,,1,,,
1,384,128,0.14492334100003745,1699840000,9.663190476190476,ok,nvml_counter,9.663190476190476,9.613323737933847,0,21,20,2.901912427999946,20,2.9039128430000574,0,0.0004167870000628682,120,21,3.0434144119999473,15471542272,75,76,1545,780,37.795,70.477,,1,,,
2,384,128,0.1454215620000241,1699840000,9.667761904761905,ok,nvml_counter,9.667761904761905,9.724326810010979,0,21,20,2.9102890350000052,20,2.905628613999852,0,0.0006228094999869427,122,25,3.057410230999949,15471542272,76,77,1545,795,38.958,69.3,,1,,,
0,368,2,0.0017520929999363943,32489472,0.1183284543325527,ok,nvml_counter,0.1183284543325527,0.11799695641224554,1,1708,286,0.501331460000074,285,0.501065090000111,0,9.19650005926087e-06,127,21,3.0006532600000355,15471542272,76,77,1560,1050,37.597,66.636,,1,,,
1,368,2,0.001754672000060964,32489472,0.1145750441436139,ok,nvml_counter,0.1145750441436139,0.11744873489489141,1,1699,284,0.5001933009998538,289,0.5013971750001929,0,7.736500037935912e-06,127,20,3.000281065000081,15471542272,77,78,1560,1035,40.242,54.594,,1,,,
2,368,2,0.0017542449999154996,32489472,0.11446909947027664,ok,nvml_counter,0.11446909947027664,0.11734203347947936,1,1699,284,0.5006452620000346,290,0.5014256730000852,0,1.1970000059591257e-05,127,21,3.0010381899999174,15471542272,77,78,1560,1050,40.834,44.462,,1,,,
0,512,33,0.04727964450012223,1028751360,3.17278125,ok,nvml_counter,3.17278125,3.158855056559381,1,64,20,0.9461757699998543,20,0.938347279999789,0,0.00018497399992156716,122,21,3.0265489700000217,15471542272,77,77,1560,840,41.427,66.89,,1,,,
1,512,33,0.04728165450001143,1028751360,3.17525,ok,nvml_counter,3.17525,3.1614698541456527,1,64,20,0.9481518739999046,20,0.9386491610000576,0,0.00034483799993267894,122,21,3.021856138999965,15471542272,77,77,1560,945,39.452,66.988,,1,,,
2,512,33,0.046875851499976307,1028751360,3.168859375,ok,nvml_counter,3.168859375,3.144428144425962,1,64,20,0.9401500589999614,20,0.9349855860000389,0,0.00020443250002699642,122,21,3.0095983609999166,15471542272,77,77,1575,855,38.366,68.95,,1,,,
0,64,4,0.0005021724999778598,24903680,0.035588963383187205,ok,nvml_counter,0.035588963383187205,0.03555653404555888,0,5817,980,0.500035318999835,941,0.5000918860000638,0,4.302999968786025e-06,130,23,3.000152369000034,15471542272,76,77,1335,1485,35.839,67.422,,1,,,
1,64,4,0.0005024299999831783,24903680,0.035639468690702086,ok,nvml_counter,0.035639468690702086,0.035366316533717114,0,5797,980,0.5000436570001057,984,0.5002535849998822,0,5.399999963628943e-06,129,20,3.000175408000132,15471542272,77,77,1575,1485,41.6,68.403,,1,,,
2,64,4,0.0005033820000335254,24903680,0.03538734567901235,ok,nvml_counter,0.03538734567901235,0.03504965064346217,0,5832,978,0.5003399560000616,979,0.500373854000145,0,5.396999995355145e-06,129,24,3.0001189889999296,15471542272,77,77,1575,1500,41.501,67.675,,1,,,
0,368,4,0.0033468274999677305,50565120,0.21677728285077952,ok,nvml_counter,0.21677728285077952,0.22252130628912908,1,898,150,0.5016498539998793,152,0.5024899600000481,0,3.787699995427829e-05,125,18,3.0011025380001684,15471542272,77,76,1575,1005,41.6,50.717,,1,,,
1,368,4,0.003344474999948943,50565120,0.21708565072302557,ok,nvml_counter,0.21708565072302557,0.22237042093154608,1,899,150,0.5015621250001914,152,0.5001545990000977,0,3.443749994858081e-05,125,20,3.003224037000109,15471542272,76,77,1560,990,41.526,66.244,,1,,,
2,368,4,0.003368780000073457,50565120,0.22402111111111112,ok,nvml_counter,0.22402111111111112,0.2224853014356153,1,900,150,0.5023512809998465,153,0.5008612079998329,0,3.7301500015018973e-05,125,25,3.001456812000015,15471542272,76,76,1560,1065,35.522,68.937,,1,,,
0,512,16,0.021080082000025868,399734784,1.417048951048951,ok,nvml_counter,1.417048951048951,1.4126233321085246,0,143,24,0.5063874729999043,24,0.5016150149999703,0,6.806950000282086e-05,123,17,3.0169957540001633,15471542272,76,76,1560,885,37.795,66.636,,1,,,
1,512,16,0.02105188200005159,399734784,1.4134265734265734,ok,nvml_counter,1.4134265734265734,1.409705996099707,0,143,24,0.5064781430000949,25,0.519657350999978,0,3.104500001427368e-05,124,18,3.0155811050001375,15471542272,75,76,1485,855,34.455,67.913,,1,,,
2,512,16,0.021069085000021914,399734784,1.4158111888111888,ok,nvml_counter,1.4158111888111888,1.4164499616224655,0,143,24,0.5057203090000257,24,0.5003213439999854,0,4.2349000068497844e-05,125,19,3.0133321949999754,15471542272,75,76,1560,855,39.178,66.988,,1,,,
0,112,4,0.0005653299999721639,18698752,0.039154827651875834,ok,nvml_counter,0.039154827651875834,0.03901174958605289,1,5251,873,0.5005670450000252,864,0.5002109859999564,0,7.387999858110561e-06,129,24,3.000030881000157,15471542272,75,77,1575,1410,36.136,68.123,,1,,,
1,112,4,0.0005653580001308001,18698752,0.039028734538534726,ok,nvml_counter,0.039028734538534726,0.03882088286902525,1,5255,871,0.5001361130000532,876,0.5001483450000705,0,6.612999868593761e-06,130,22,3.000439895999989,15471542272,76,77,1575,1410,41.131,68.138,,1,,,
2,112,4,0.0005637059998662153,18698752,0.039803993796044976,ok,nvml_counter,0.039803993796044976,0.039562872291164966,1,5158,875,0.5003378900000826,876,0.5001823819998208,0,7.49900004848314e-06,129,21,3.000121652999951,15471542272,76,77,1575,1410,40.834,67.478,,1,,,
0,64,2,0.000480610999829878,24117248,0.03443823383495948,ok,nvml_counter,0.03443823383495948,0.034377791991540105,0,6047,1006,0.5001332690001163,994,0.5004905930002224,0,8.414000035372737e-06,130,21,3.0004310480001095,15471542272,76,77,1575,1575,40.834,69.735,,1,,,
1,64,2,0.00048211599983005726,24117248,0.03489254941713127,ok,nvml_counter,0.03489254941713127,0.03493795837543734,0,5919,1009,0.5001155559998551,1014,0.5002774160000172,0,9.836999879553332e-06,130,25,3.0004144909999013,15471542272,77,77,1590,1575,42.118,69.019,,1,,,
2,64,2,0.0004822180000019216,24117248,0.03445532759761747,ok,nvml_counter,0.03445532759761747,0.034334380747720654,0,6044,1002,0.50042562800013,1016,0.5002757099998689,0,1.0071500014419144e-05,130,22,3.000050703999932,15471542272,77,78,1590,1590,41.921,68.95,,1,,,
0,256,128,0.06434347049992084,848732160,4.340404255319148,ok,nvml_counter,4.340404255319148,4.322411800887438,0,47,20,1.2868244510000295,20,1.2865421469998637,0,0.0002256010000110109,121,27,3.026531610999882,15471542272,77,76,1590,855,41.995,67.675,,1,,,
1,256,128,0.06425286450007661,848732160,4.340574468085107,ok,nvml_counter,4.340574468085107,4.309405799274156,0,47,20,1.285648073999937,20,1.2831335559999388,0,0.00025447850009641115,121,27,3.0171879879999324,15471542272,76,76,1545,840,38.092,67.086,,1,,,
2,256,128,0.06424628650006525,848732160,4.342255319148936,ok,nvml_counter,4.342255319148936,4.317926692668955,0,47,20,1.2852521550000802,20,1.2874502829999983,0,0.00012833150003643823,121,24,3.0246310990000893,15471542272,75,76,1560,825,38.092,68.263,,1,,,
0,112,33,0.0026735620001545612,41878528,0.18222911051212937,ok,nvml_counter,0.18222911051212937,0.18083676449006827,1,1113,187,0.5016646389999551,187,0.5016595580000285,0,8.760000127949752e-06,127,21,3.002591387999928,15471542272,76,77,1185,1035,38.289,67.029,,1,,,
1,112,33,0.002704604999962612,41878528,0.18242470694319207,ok,nvml_counter,0.18242470694319207,0.18101412574689527,1,1109,186,0.5017593380000562,189,0.5011803609997969,0,1.9893500052603486e-05,126,23,3.0009261329998935,15471542272,76,77,1560,1020,38.586,66.047,,1,,,
2,112,33,0.002689538999902652,41878528,0.18220739404869252,ok,nvml_counter,0.18220739404869252,0.18093053537504047,1,1109,186,0.5015781949998654,187,0.5015830449999612,0,1.853849983035616e-05,126,19,3.002624782999874,15471542272,76,77,1560,1095,39.551,66.931,,1,,,
0,448,2,0.002556536999918535,41025536,0.16864033613445378,ok,nvml_counter,0.16864033613445378,0.1685686310140747,1,1190,197,0.5012575359999119,201,0.5023286090001875,0,1.2129000197091955e-05,124,28,3.0025242140000046,15471542272,77,77,1575,1080,39.673,64.182,,1,,,
1,448,2,0.0025015829999119887,41025536,0.16848657718120807,ok,nvml_counter,0.16848657718120807,0.16798026267229577,1,1192,201,0.5011713300000338,201,0.5023329180000928,0,5.1613000096040196e-05,125,26,3.001112099000011,15471542272,77,77,1575,1125,39.452,62.393,,1,,,
2,448,2,0.002550281500020901,41025536,0.16188795986622073,ok,nvml_counter,0.16188795986622073,0.16616469056014346,1,1196,198,0.5010738910000327,202,0.5009330039999895,0,1.8188500007454422e-05,126,24,3.0014284320000115,15471542272,77,77,1575,1035,40.637,64.967,,1,,,
0,512,1,0.00160153599995283,32210944,0.10879935449166218,ok,nvml_counter,0.10879935449166218,0.10714289865021415,0,1859,313,0.501425792999953,317,0.5005766669999048,0,3.75739998617064e-05,126,30,3.000383131000035,15471542272,77,77,1560,1035,40.736,68.319,,1,,,
1,512,1,0.001580624999974134,32210944,0.10844438473938743,ok,nvml_counter,0.10844438473938743,0.10693422635460699,0,1861,312,0.500289124000119,313,0.5013437019999856,0,1.9735999899239687e-05,126,26,3.0013686039999357,15471542272,77,77,1560,1110,36.927,63.828,,1,,,
2,512,1,0.001583619000030012,32210944,0.10787886872998932,ok,nvml_counter,0.10787886872998932,0.1076128754056714,0,1874,314,0.5014458069999819,316,0.5002153870000257,0,1.7924499957189255e-05,126,26,3.0002482370000507,15471542272,77,77,1575,1125,39.475,60.672,,1,,,
0,64,33,0.000998994999918068,23822336,0.06773929049531459,ok,nvml_counter,0.06773929049531459,0.06754381996574843,1,2988,497,0.5003529289999733,492,0.5001093280000077,0,1.3007000006837188e-05,129,21,3.000591419000102,15471542272,76,77,1560,1230,40.044,68.263,,1,,,
1,64,33,0.000996041000007608,23822336,0.06755874499332444,ok,nvml_counter,0.06755874499332444,0.06715674532173992,1,2996,501,0.5007872129999669,507,0.5006445940000503,0,3.276000143159763e-06,128,18,3.000123518999999,15471542272,76,77,1575,1260,40.341,65.4,,1,,,
2,64,33,0.0009968209999442479,23822336,0.06760140562248995,ok,nvml_counter,0.06760140562248995,0.06734160703062035,1,2988,499,0.5004169769999862,505,0.5008181289999811,0,1.3072000001557171e-05,128,23,3.0001714370000627,15471542272,76,77,1575,1230,40.439,64.811,,1,,,
0,224,128,0.051516149000121914,655458304,3.4358983050847454,ok,nvml_counter,3.4358983050847454,3.38909621349563,0,59,20,1.0295696240000325,20,1.0271562800000993,0,0.00010688050008411665,123,22,3.033324918000062,15471542272,76,76,1575,870,41.131,56.135,,1,,,
1,224,128,0.05138470550002694,655458304,3.324203389830508,ok,nvml_counter,3.324203389830508,3.4167357119225836,0,59,20,1.0268201559999852,20,1.0246366730000318,0,0.00016651249995902617,122,24,3.0271178939999572,15471542272,75,76,1575,855,39.87,51.672,,1,,,
2,224,128,0.051459815999919556,655458304,3.4376949152542373,ok,nvml_counter,3.4376949152542373,3.426722600392778,0,59,20,1.0270198890000302,20,1.0251526499998818,0,0.0001383020000957913,122,26,3.0276453460000994,15471542272,75,76,1560,855,41.896,66.047,,1,,,
0,448,256,0.4258562925000433,4672462848,28.3319,ok,nvml_counter,28.3319,28.421355155802974,1,20,20,8.522030452000081,20,8.49058127000012,0,0.0005205050000540723,335,58,8.522311325000146,15471542272,75,77,1575,840,45.028,67.086,,1,,,
1,448,256,0.4290502109998897,4672462848,28.358449999999998,ok,nvml_counter,28.358449999999998,28.657567743315827,1,20,20,8.595035455000016,20,8.563685624000072,0,0.001737362500080053,337,60,8.56864252299988,15471542272,76,77,1245,735,38.289,48.184,,1,,,
2,448,256,0.4267187364999927,4672462848,28.400150000000004,ok,nvml_counter,28.400150000000004,28.528054779105723,1,20,20,8.550555846999941,20,8.579729987000064,0,0.0009221340000067357,337,55,8.53242454600013,15471542272,77,76,1575,870,40.736,41.896,,1,,,
0,128,252,0.032950074499922266,430350336,2.2029347826086956,ok,nvml_counter,2.2029347826086956,2.200373590297592,1,92,20,0.6612319959999695,20,0.6618764649999775,0,0.00022956899988457735,122,20,3.0234152900000026,15471542272,76,76,1575,870,40.143,66.145,,1,,,
1,128,252,0.03289025249989663,430350336,2.2050869565217392,ok,nvml_counter,2.2050869565217392,2.2057447838469026,1,92,20,0.6590972760000113,20,0.6534044410000206,0,0.00014883799997278402,122,20,3.025557686999946,15471542272,76,76,1560,840,34.949,59.247,,1,,,
2,128,252,0.0327591749999101,430350336,2.197728260869565,ok,nvml_counter,2.197728260869565,2.195419332375361,1,92,20,0.6554727259999709,20,0.6540407180000329,0,6.84419999288366e-05,122,19,3.0247626530001526,15471542272,76,76,1200,825,39.452,67.577,,1,,,
0,384,2,0.0018304859999034306,33783808,0.12195931997571341,ok,nvml_counter,0.12195931997571341,0.1213958584053594,0,1647,274,0.5011699760000283,274,0.5000405420000789,0,5.220000048211659e-06,126,21,3.0016610050001873,15471542272,76,77,1560,1020,34.949,68.403,,1,,,
1,384,2,0.0018329030001495994,33783808,0.12224056029232643,ok,nvml_counter,0.12224056029232643,0.12180556366567123,0,1642,273,0.500599555000008,279,0.5013525800000025,0,3.926000090359594e-06,126,21,3.000740480999866,15471542272,76,77,1560,990,37.499,66.399,,1,,,
2,384,2,0.0018311274999405214,33783808,0.1225103785103785,ok,nvml_counter,0.1225103785103785,0.1220307393889047,0,1638,274,0.500295412000014,279,0.5018376030000127,0,5.87049999012379e-06,126,22,3.0000290549999136,15471542272,76,77,1575,1095,36.433,66.203,,1,,,
0,368,256,0.2903712740001083,3274448896,19.28065,ok,nvml_counter,19.28065,19.452710718912446,1,20,20,5.811552591000009,20,5.812617115000194,0,0.0006638785000632197,228,42,5.814003941999999,15471542272,76,76,1575,705,36.51,64.378,,1,,,
1,368,256,0.2912543754999888,3274448896,19.638399999999997,ok,nvml_counter,19.638399999999997,19.27794338717526,1,20,20,5.831185446000063,20,5.812201968999943,0,0.0004857200000287776,229,45,5.825841158999992,15471542272,76,76,1575,825,43.377,70.477,,1,,,
2,368,256,0.29108936050010925,3274448896,19.2729,ok,nvml_counter,19.2729,19.47767171506778,1,20,20,5.826347466000016,20,5.820436615000062,0,0.0007041450000997429,228,43,5.823694997000075,15471542272,76,77,1455,675,36.532,66.047,,1,,,
0,224,16,0.004851482999924883,68780032,0.32757422512234907,ok,nvml_counter,0.32757422512234907,0.3239161314421564,0,613,104,0.5023376419999295,103,0.501188589999856,0,6.625449987041065e-05,124,25,3.004080411999894,15471542272,76,77,1545,945,35.048,67.38,,1,,,
1,224,16,0.004812539499994273,68780032,0.3277075163398693,ok,nvml_counter,0.3277075163398693,0.32445816836003083,0,612,104,0.5001740579998568,104,0.5006910539998444,0,6.018049998601782e-05,124,24,3.000690896000151,15471542272,76,77,1545,1020,35.543,67.478,,1,,,
2,224,16,0.004849687000046288,68780032,0.3253128038897893,ok,nvml_counter,0.3253128038897893,0.32244228832337596,0,617,104,0.5034689520000484,105,0.5032257949999348,0,4.285999989406264e-05,123,25,3.0002390960000866,15471542272,77,77,1545,945,37.301,65.222,,1,,,
0,368,16,0.01161900100009916,220643328,0.7911595330739299,ok,nvml_counter,0.7911595330739299,0.7893804998585203,1,257,43,0.5024984130000121,44,0.5064531140001236,0,6.643599999733851e-05,124,17,3.0059985249999954,15471542272,77,77,1545,855,39.08,67.38,,1,,,
1,368,16,0.011714664000010089,220643328,0.79402734375,ok,nvml_counter,0.79402734375,0.7876988785541228,1,256,43,0.5037643430000571,44,0.5067106060000697,0,5.1187999815738294e-05,124,19,3.001379177999979,15471542272,77,77,1560,825,37.301,68.403,,1,,,
2,368,16,0.011716070000147738,220643328,0.7915175097276264,ok,nvml_counter,0.7915175097276264,0.7774845391739877,1,257,43,0.5043323770000825,44,0.506462928000019,0,0.00010404400018160231,124,23,3.0099588089999543,15471542272,76,77,1560,855,35.642,67.38,,1,,,
0,32,1,0.0004873440000210394,18763776,0.026907102040816328,ok,nvml_counter,0.026907102040816328,0.026843891498030147,0,6125,998,0.5002265870000429,1010,0.5004391159998249,0,2.2094999849286978e-05,133,13,3.000241069999902,15471542272,76,76,1545,1590,38.092,50.884,,1,,,
1,32,1,0.0004902634999552902,18763776,0.027151881943292985,ok,nvml_counter,0.027151881943292985,0.027143393080529467,0,6031,1008,0.5003983489998518,965,0.5000418939998781,0,2.2800000010647636e-05,132,14,3.0000467939999,15471542272,76,76,1590,1590,50.884,54.003,,1,,,
2,32,1,0.00048289799997291993,18763776,0.027222185154295246,ok,nvml_counter,0.027222185154295246,0.027210770314514836,0,5995,1007,0.5000434419998783,1027,0.5004039860000375,0,2.522399995541491e-05,133,14,3.0001781220000794,15471542272,76,76,1590,1590,47.592,54.594,,1,,,
0,368,252,0.2838834169998563,3253899264,19.0148,ok,nvml_counter,19.0148,19.078009194842767,1,20,20,5.68018825099989,20,5.665935656999864,0,0.0004935219999424589,223,47,5.6953098609999415,15471542272,75,77,1590,825,46.803,62.846,,1,,,
1,368,252,0.2885365395000008,3253899264,19.2695,ok,nvml_counter,19.2695,19.264267310996736,1,20,20,5.769047562999958,20,5.737401382000144,0,0.0006215579999206966,226,46,5.763615250999919,15471542272,76,78,1560,690,34.752,69.343,,1,,,
2,368,252,0.28779869150002924,3253899264,19.28415,ok,nvml_counter,19.28415,19.08719047513907,1,20,20,5.749913743999969,20,5.75870774200007,0,0.0009619754998766439,225,44,5.728823522999846,15471542272,77,77,1410,705,38.289,69.343,,1,,,
0,64,229,0.009232248999978765,125181440,0.6215476923076922,ok,nvml_counter,0.6215476923076922,0.6105931719918128,1,325,55,0.5088354200001959,55,0.5081780969999272,0,7.124500007194001e-05,124,20,3.0036540329999752,15471542272,76,77,1515,945,37.224,67.282,,1,,,
1,64,229,0.009256619499979024,125181440,0.6229382716049382,ok,nvml_counter,0.6229382716049382,0.6126797970508163,1,324,54,0.5025384779999058,55,0.5041130920001251,0,6.282300000748364e-05,124,16,3.0030524030000834,15471542272,77,77,1560,930,37.894,67.282,,1,,,
2,64,229,0.009245233000001463,125181440,0.6211138461538461,ok,nvml_counter,0.6211138461538461,0.6122717067216427,1,325,54,0.5016794369998934,55,0.5019738910000342,0,5.7290000086140935e-05,124,22,3.001344933999917,15471542272,76,77,1560,945,38.092,66.301,,1,,,
0,256,33,0.012205337000068539,293961728,0.8266775510204082,ok,nvml_counter,0.8266775510204082,0.8190725461857772,1,245,41,0.5022014449998551,41,0.5001233309999407,0,0.00010489800001778349,123,23,3.0062896150000142,15471542272,77,77,1560,900,37.696,66.244,,1,,,
1,256,33,0.012220114000001558,293961728,0.7988693877551021,ok,nvml_counter,0.7988693877551021,0.8149509575944093,1,245,41,0.5041418630000862,42,0.5086021749998508,0,9.715700002743688e-05,123,24,3.002550379000013,15471542272,77,77,1575,900,35.72,67.561,,1,,,
2,256,33,0.012239216000125452,293961728,0.7988122448979592,ok,nvml_counter,0.7988122448979592,0.8130812110342767,1,245,41,0.5028616909999073,42,0.5088527309999336,0,8.609900010014826e-05,122,22,3.0006608620001316,15471542272,77,77,1560,855,35.246,66.751,,1,,,
0,128,8,0.0010165280000364874,22642688,0.06882293080054273,ok,nvml_counter,0.06882293080054273,0.06833132324598083,0,2948,490,0.5007220610000331,492,0.5002990180000779,0,8.325500061800994e-06,128,23,3.0004239059999236,15471542272,76,78,1545,1260,34.949,66.244,,1,,,
1,128,8,0.0010108399999353423,22642688,0.06877544097693351,ok,nvml_counter,0.06877544097693351,0.06849770558144797,0,2948,493,0.5002922920000401,494,0.5000550889999431,0,7.938999942780356e-06,129,22,3.0000322990001678,15471542272,77,78,1575,1260,39.178,67.029,,1,,,
2,128,8,0.0010143889999199018,22642688,0.06880931339225017,ok,nvml_counter,0.06880931339225017,0.06850288813331533,0,2942,492,0.5009950369999387,495,0.5002912489999289,0,8.744000069782487e-06,127,20,3.0004685459998655,15471542272,77,77,1575,1320,38.882,66.636,,1,,,
0,256,2,0.0008740139999190433,22906880,0.05905997659449971,ok,nvml_counter,0.05905997659449971,0.05887099046116083,0,3418,569,0.5000013230001059,572,0.5000412980000419,0,4.834000037590158e-06,127,20,3.0008174899999176,15471542272,77,77,1560,1140,39.748,66.203,,1,,,
1,256,2,0.0008724060000986356,22906880,0.05893912788996196,ok,nvml_counter,0.05893912788996196,0.05872183852399717,0,3417,571,0.500825875999908,576,0.5002206080000633,0,5.6680000852793455e-06,128,20,3.000697808000041,15471542272,77,77,1560,1140,40.143,67.282,,1,,,
2,256,2,0.0008730350000405451,22906880,0.05697685998828354,ok,nvml_counter,0.05697685998828354,0.05858078230247863,0,3414,571,0.5006509049999295,578,0.5003612170000906,0,8.10400001682865e-06,129,20,3.000443849000021,15471542272,76,77,1575,1110,40.341,52.953,,1,,,
0,368,128,0.14147423650013025,1644396544,9.550136363636364,ok,nvml_counter,9.550136363636364,9.383311393608018,1,22,20,2.8268365090000316,20,2.830704285000138,0,0.000248407000071893,122,27,3.0981138839999858,15471542272,76,75,1560,765,40.341,70.869,,1,,,
1,368,128,0.14099551450010495,1644396544,9.234772727272727,ok,nvml_counter,9.234772727272727,9.413477215238986,1,22,20,2.8187647390000166,20,2.8218416920001346,0,0.0004187060000049314,124,23,3.0939693669999997,15471542272,75,75,1560,885,38.783,42.217,,1,,,
2,368,128,0.14104963550005323,1644396544,9.24040909090909,ok,nvml_counter,9.24040909090909,9.428401116947645,1,22,20,2.8204826780001895,20,2.8223298079999495,0,0.0003626794999718186,123,22,3.105005140000003,15471542272,75,76,1350,765,38.388,65.164,,1,,,
0,368,32,0.022970828500092466,423809024,1.5559847328244274,ok,nvml_counter,1.5559847328244274,1.545069640239206,1,131,22,0.5051539570001751,22,0.5006147320000309,0,0.0001085915000658133,123,21,3.007755373000009,15471542272,75,76,1560,990,44.633,67.38,,1,,,
1,368,32,0.023006239999972422,423809024,1.566869230769231,ok,nvml_counter,1.566869230769231,1.5539127672232953,1,130,22,0.5059153340000648,23,0.5196264179999162,0,0.00015176349995726923,123,19,3.002489889999879,15471542272,76,77,1545,810,39.551,68.263,,1,,,
2,368,32,0.02317962950007768,423809024,1.5656076923076923,ok,nvml_counter,1.5656076923076923,1.5553262382110493,1,130,22,0.5086211140001069,22,0.5027041430000736,0,0.00017723950008985412,123,19,3.0123105920001763,15471542272,76,77,1560,840,36.906,66.694,,1,,,
0,32,2,0.00044963300001654716,18874368,0.025786662597283686,ok,nvml_counter,0.025786662597283686,0.026653480494387233,0,6553,1092,0.5003279610000391,1080,0.5000377389999358,0,1.8996000108018052e-05,132,16,3.0002738219998264,15471542272,77,77,1575,1590,35.444,55.972,,1,,,
1,32,2,0.00045837300012863125,18874368,0.025922391270938986,ok,nvml_counter,0.025922391270938986,0.02683444730420943,0,6507,993,0.5004552239997793,1088,0.5000649099999919,0,2.4196999902414973e-05,133,15,3.0001192400000036,15471542272,77,77,1590,1590,55.972,54.66,,1,,,
2,32,2,0.0004528689999006019,18874368,0.02697646694534758,ok,nvml_counter,0.02697646694534758,0.02699332762248894,0,6459,1083,0.5000741090000247,1078,0.5000097650001862,0,2.0740000081787002e-05,132,14,3.0000640920000023,15471542272,77,77,1590,1590,42.513,58.004,,1,,,
0,256,256,0.13278418049992524,1683062784,8.805739130434784,ok,nvml_counter,8.805739130434784,8.775455536757955,0,23,20,2.656779814000174,20,2.6494098569999096,0,0.0006785855000543961,121,24,3.04750993499988,15471542272,77,78,1590,810,42.291,64.869,,1,,,
1,256,256,0.1327677894998942,1683062784,8.818999999999999,ok,nvml_counter,8.818999999999999,8.794500561669265,0,23,20,2.656485927999938,20,2.6600178340002003,0,0.0005425924999826748,122,27,3.0490273160000925,15471542272,77,77,1560,780,44.956,46.803,,1,,,
2,256,256,0.1325716994999766,1683062784,8.809695652173913,ok,nvml_counter,8.809695652173913,8.813126536004823,0,23,20,2.6532891739998377,20,2.6503619869999966,0,0.0004211940000686809,121,23,3.044877343000053,15471542272,77,77,1440,780,40.242,64.614,,1,,,
0,32,32,0.0006170379999730358,15958016,0.04299708394084566,ok,nvml_counter,0.04299708394084566,0.0427762183706067,0,4801,799,0.5003338770000028,788,0.5000949350001065,0,7.086000096023781e-06,130,24,3.0005120700000134,15471542272,76,78,1560,1455,39.452,68.558,,1,,,
1,32,32,0.0006165919999148173,15958016,0.04329943265391889,ok,nvml_counter,0.04329943265391889,0.04319466813480769,0,4759,801,0.5000425850000738,802,0.5003910190000624,0,7.877000143707846e-06,130,21,3.0001270709999517,15471542272,77,78,1575,1485,47.493,67.535,,1,,,
2,32,32,0.0006171155000629369,15958016,0.04323361942641825,ok,nvml_counter,0.04323361942641825,0.04313880255849561,0,4777,802,0.5000451729999895,804,0.5000416289999521,0,6.612499987568299e-06,129,22,3.000590328000044,15471542272,77,78,1575,1470,42.883,68.852,,1,,,
0,128,33,0.003261948499925893,50495488,0.2184989154013015,ok,nvml_counter,0.2184989154013015,0.21608776740987096,1,922,154,0.5022749710001335,156,0.5021473040001183,0,1.4594500044040615e-05,124,26,3.0023578850000376,15471542272,77,77,1575,1005,41.921,65.185,,1,,,
1,128,33,0.0032679280000138533,50495488,0.2187187839305103,ok,nvml_counter,0.2187187839305103,0.21734342628977407,1,921,153,0.5016668640000717,157,0.502961206000009,0,2.8206000024511013e-05,126,25,3.000836057000015,15471542272,77,77,1560,1005,38.092,66.007,,1,,,
2,128,33,0.0032557414999700995,50495488,0.2095285252960172,ok,nvml_counter,0.2095285252960172,0.21488833591479523,1,929,154,0.5002355960000386,157,0.5011517750001531,0,1.7656500062912528e-05,126,25,3.0024030390000007,15471542272,76,76,1560,1125,39.771,42.094,,1,,,
0,384,33,0.026421699000025,568453120,1.7871929824561403,ok,nvml_counter,1.7871929824561403,1.7707704051114879,1,114,20,0.5283890200000769,20,0.5215938930000448,0,0.00015946950020406803,124,19,3.0043092100002013,15471542272,76,76,1560,825,42.094,67.127,,1,,,
1,384,33,0.026300960000071427,568453120,1.7889561403508771,ok,nvml_counter,1.7889561403508771,1.7749675559101812,1,114,20,0.5268259770000441,20,0.5201310749998811,0,6.787899997107161e-05,123,18,3.002444288999868,15471542272,75,76,1560,1005,35.048,66.694,,1,,,
2,384,33,0.026305719999982102,568453120,1.787280701754386,ok,nvml_counter,1.787280701754386,1.76681761166183,1,114,20,0.5267187699998885,20,0.5193853270000091,0,6.103450004957267e-05,123,18,3.001925626000002,15471542272,75,76,1560,870,39.178,66.734,,1,,,
0,368,64,0.04547064649989352,830537728,3.003681818181818,ok,nvml_counter,3.003681818181818,3.07498776652093,1,66,20,0.9111725109999043,20,0.9052378500000486,0,0.0002643249998754982,122,20,3.006627966999986,15471542272,75,76,1560,825,34.554,66.342,,1,,,
1,368,64,0.0453504920000114,830537728,3.100469696969697,ok,nvml_counter,3.100469696969697,3.0807730811602885,1,66,20,0.910216691999949,20,0.9037733589998425,0,0.0003620859999955428,122,17,3.0178200440000182,15471542272,75,76,1455,855,38.783,66.44,,1,,,
2,368,64,0.04551243399998839,830537728,3.087939393939394,ok,nvml_counter,3.087939393939394,3.071582633996977,1,66,20,0.9129693269999279,20,0.9093323990000499,0,0.0005244154999672901,122,23,3.0139489349999167,15471542272,75,76,1560,810,38.783,68.46,,1,,,
0,448,32,0.033516817999952764,598855680,2.2622333333333335,ok,nvml_counter,2.2622333333333335,2.2751791602889466,1,90,20,0.6700792040001033,20,0.6658174270000927,0,0.0002211324999734643,123,18,3.019835062000084,15471542272,75,76,1545,855,35.938,68.263,,1,,,
1,448,32,0.033882570499827125,598855680,2.2666666666666666,ok,nvml_counter,2.2666666666666666,2.3056961746701616,1,90,20,0.6742507599999499,20,0.6683377070000915,0,0.00023068849998253427,123,11,3.0306407059999856,15471542272,76,77,1560,825,36.927,68.361,,1,,,
2,448,32,0.03375612849993104,598855680,2.267288888888889,ok,nvml_counter,2.267288888888889,2.237744707248922,1,90,20,0.6740974399999686,20,0.6686841020000429,0,0.0002889029999550985,123,13,3.0290949099999125,15471542272,76,77,1560,825,37.005,66.047,,1,,,
0,128,2,0.00048447200015289127,17794048,0.03449069458291791,ok,nvml_counter,0.03449069458291791,0.034306757779539405,0,6018,937,0.5001801869998417,993,0.5004557069999009,0,1.8262000139657175e-05,128,21,3.0001503639998646,15471542272,76,78,1560,1545,37.894,69.313,,1,,,
1,128,2,0.0004855130000578356,17794048,0.0350487887514823,ok,nvml_counter,0.0350487887514823,0.03498841654819064,0,5903,993,0.5000768270001572,1008,0.5004465600000003,0,1.2622000213013962e-05,130,22,3.0004167480001342,15471542272,77,78,1575,1515,41.798,67.143,,1,,,
2,128,2,0.0004778349998559861,17794048,0.03453266331658291,ok,nvml_counter,0.03453266331658291,0.034365953108191745,0,5970,1019,0.5001386279998314,1032,0.5003152179999688,0,1.2132999927416677e-05,130,22,3.000041404000058,15471542272,78,78,1575,1530,41.625,68.558,,1,,,
0,64,64,0.0016918349999741622,32210944,0.1097492957746479,ok,nvml_counter,0.1097492957746479,0.11199047723402711,0,1775,295,0.5003831919998447,297,0.5007692940000652,0,1.6866999885678524e-05,126,23,3.0010078400000566,15471542272,78,78,1575,1095,41.896,66.284,,1,,,
1,64,64,0.0016895329999897513,32210944,0.11335267605633803,ok,nvml_counter,0.11335267605633803,0.1119920893324406,0,1775,295,0.5006962250001834,300,0.5008653269999286,0,1.973000007637893e-05,126,28,3.000647286000003,15471542272,77,78,1560,1065,38.586,66.972,,1,,,
2,64,64,0.0016885510001429793,32210944,0.11326858108108108,ok,nvml_counter,0.11326858108108108,0.11259752548277877,0,1776,295,0.5003250089998801,300,0.501137301999961,0,1.6256999970210018e-05,126,25,3.001135179999892,15471542272,77,77,1560,1065,37.993,69.441,,1,,,
0,512,4,0.0060349749999204505,85032960,0.4051509054325956,ok,nvml_counter,0.4051509054325956,0.40310032230970344,0,497,83,0.5012062690000221,84,0.5004169010001078,0,1.2128000207667355e-05,125,22,3.0001207689999774,15471542272,77,77,1545,960,38.684,66.874,,1,,,
1,512,4,0.006037084999888975,85032960,0.40365330661322646,ok,nvml_counter,0.40365330661322646,0.3992271924987925,0,499,83,0.5011504289998356,86,0.5042514619999565,0,1.0942999779217644e-05,126,22,3.0054296949999753,15471542272,76,77,1560,975,38.882,68.109,,1,,,
2,512,4,0.005973604500127294,85032960,0.40318,ok,nvml_counter,0.40318,0.4006150007115895,0,500,84,0.5032582720000391,85,0.5014325209999697,0,5.749050001213618e-05,126,24,3.005305858000156,15471542272,76,76,1560,960,39.946,66.988,,1,,,
0,32,4,0.000470328000005793,19095552,0.02765818410304744,ok,nvml_counter,0.02765818410304744,0.02772389055106801,0,6366,1046,0.5004268569998658,1087,0.5004115409999486,0,2.5751500061232946e-05,132,20,3.000368857000012,15471542272,76,76,1560,1590,39.946,57.541,,1,,,
1,32,4,0.0004501500000060332,19095552,0.026118894993894994,ok,nvml_counter,0.026118894993894994,0.02704769916138388,0,6552,1081,0.5003924869999992,1098,0.5000741650001146,0,1.7511000123704434e-05,133,16,3.000269180000032,15471542272,75,75,1590,1590,42.488,55.283,,1,,,
2,32,4,0.0004526354999825344,19095552,0.026599622878692646,ok,nvml_counter,0.026599622878692646,0.027491859260743462,0,6364,1074,0.5000260499998603,1104,0.5001137030001246,0,1.9027999996978906e-05,131,17,3.0000460699998257,15471542272,75,75,1590,1590,55.283,54.627,,1,,,
0,512,256,0.5280457074999276,6169042944,35.3931,ok,nvml_counter,35.3931,35.355672105079414,0,20,20,10.562687501000028,20,10.48933863000002,0,0.0013185784999905081,417,64,10.628739192000012,15471542272,74,78,1590,825,54.627,65.458,,1,,,
1,512,256,0.5338961150000614,6169042944,35.451,ok,nvml_counter,35.451,35.39092852050949,0,20,20,10.688859943999887,20,10.681166446999896,0,0.0007032785000546937,416,59,10.643150894999962,15471542272,77,77,1575,780,37.894,71.261,,1,,,
2,512,256,0.5295625909999444,6169042944,35.115249999999996,ok,nvml_counter,35.115249999999996,35.30007940884853,0,20,20,10.58767160399998,20,10.608662405999894,0,0.0005390940000324917,416,65,10.579483068999934,15471542272,76,76,1560,675,38.487,70.477,,1,,,
0,384,8,0.006796061500040196,95125504,0.44138181818181815,ok,nvml_counter,0.44138181818181815,0.45377679262808585,0,440,74,0.5042381350001506,73,0.5021479519998593,0,3.9134999951784266e-05,125,18,3.00020862700012,15471542272,76,77,1560,930,38.092,54.922,,1,,,
1,384,8,0.006820271499918817,95125504,0.4558208616780045,ok,nvml_counter,0.4558208616780045,0.4553968110035354,0,441,74,0.5064481450001495,75,0.5034096259998933,0,3.785749993312493e-05,126,19,3.003682169000058,15471542272,76,77,1560,915,54.922,65.909,,1,,,
2,384,8,0.006830456499983484,95125504,0.4562613636363636,ok,nvml_counter,0.4562613636363636,0.4548699786553601,0,440,74,0.504240136000135,75,0.5022515439998188,0,2.5659000016275968e-05,126,20,3.0045039919998544,15471542272,76,77,1575,915,40.044,67.045,,1,,,
0,256,4,0.0016014770000083445,32210944,0.10492576654115116,ok,nvml_counter,0.10492576654115116,0.10737743569372753,0,1859,310,0.5001558849999128,306,0.5004092740000488,0,3.068050000365474e-05,126,22,3.000916502000109,15471542272,76,77,1560,1020,38.783,68.908,,1,,,
1,256,4,0.001640774999941641,32210944,0.10889411129119395,ok,nvml_counter,0.10889411129119395,0.10779498268759953,0,1851,304,0.5003869810000197,314,0.5012490290000642,0,3.320250004890113e-05,125,26,3.0008893770000213,15471542272,77,77,1560,1080,40.562,67.38,,1,,,
2,256,4,0.0016222369999923103,32210944,0.10944281842818428,ok,nvml_counter,0.10944281842818428,0.10779026282318113,0,1845,308,0.5012330239999301,312,0.5014670010000373,0,3.775650009174569e-05,126,26,3.0010033739999926,15471542272,77,77,1530,1065,38.092,66.226,,1,,,
0,384,252,0.2936758800000234,3365412864,19.6064,ok,nvml_counter,19.6064,19.59294665300539,1,20,20,5.876980393999929,20,5.887167610999995,0,0.00024780949991054513,229,43,5.875128532999952,15471542272,77,76,1560,690,40.341,71.065,,1,,,
1,384,252,0.29354471600004217,3365412864,19.6047,ok,nvml_counter,19.6047,19.59157312623373,1,20,20,5.878762059999872,20,5.871504264000123,0,0.0006961734999322289,231,43,5.87871744999984,15471542272,75,77,1545,735,38.783,71.163,,1,,,
2,384,252,0.2948269655000786,3365412864,19.98795,ok,nvml_counter,19.98795,19.618586671556628,1,20,20,5.903969328999892,20,5.885522725999863,0,0.0005106754999815166,233,42,5.905322037000133,15471542272,76,77,1560,690,37.499,60.426,,1,,,
0,448,229,0.39485531350010206,4303093760,25.9852,ok,nvml_counter,25.9852,26.180929953770978,1,20,20,7.895816150999963,20,7.88264140199999,0,0.0009107289999974455,311,54,7.8851839080000445,15471542272,77,77,1575,660,39.847,67.38,,1,,,
1,448,229,0.39317107950012087,4303093760,26.2868,ok,nvml_counter,26.2868,26.181399136741476,1,20,20,7.858815380000124,20,7.870232293000072,0,0.000710749999939253,310,57,7.849034996,15471542272,76,76,1560,855,40.637,71.947,,1,,,
2,448,229,0.3918312684999137,4303093760,25.9538,ok,nvml_counter,25.9538,26.058336488493826,1,20,20,7.835246417000008,20,7.842233351000004,0,0.001150529000028655,308,53,7.826342776000047,15471542272,76,76,1575,690,40.341,69.833,,1,,,
0,384,16,0.012452875999997559,227639296,0.8143692946058092,ok,nvml_counter,0.8143692946058092,0.8318465849074566,0,241,41,0.5114277769998807,41,0.5122889199999463,0,2.926000001934881e-05,123,18,3.0123339119998036,15471542272,76,77,1470,900,34.455,66.538,,1,,,
1,384,16,0.012491952999994282,227639296,0.8131701244813277,ok,nvml_counter,0.8131701244813277,0.8282982315597118,0,241,40,0.5009564400002091,41,0.5068663829999878,0,4.031749995192513e-05,123,22,3.0117538929998773,15471542272,76,77,1560,870,36.729,66.007,,1,,,
2,384,16,0.01249548499993125,227639296,0.8424771784232366,ok,nvml_counter,0.8424771784232366,0.8254248277285661,0,241,40,0.5006031489999714,41,0.5015966120001849,0,5.7191999871974986e-05,122,23,3.0094098269998995,15471542272,76,77,1560,960,36.927,65.811,,1,,,
0,32,252,0.004313293999985035,102678528,0.2907532281205165,ok,nvml_counter,0.2907532281205165,0.2871596495164749,1,697,117,0.5039001509999252,115,0.5003189859999111,0,2.15190000290022e-05,126,16,3.001814778999915,15471542272,76,77,1560,1065,34.949,66.301,,1,,,
1,32,252,0.004327466499944421,102678528,0.29140431654676263,ok,nvml_counter,0.29140431654676263,0.28944834826748056,1,695,116,0.5018978499999776,117,0.5000110900000436,0,2.5078500016206817e-05,124,16,3.002752135000037,15471542272,76,77,1545,1065,37.224,66.833,,1,,,
2,32,252,0.004322316999946452,102678528,0.29134244604316545,ok,nvml_counter,0.29134244604316545,0.29016546153871453,1,695,116,0.500635432999843,118,0.5035894180000469,0,2.4868499963304203e-05,124,21,3.003869413000075,15471542272,76,77,1545,1065,36.532,66.538,,1,,,
0,448,8,0.009223985999824436,123961344,0.6210184615384615,ok,nvml_counter,0.6210184615384615,0.614161416583236,1,325,55,0.5077130199999829,56,0.5074345430000449,0,1.1914999731743592e-05,124,21,3.0059176570000545,15471542272,76,77,1560,885,37.894,67.127,,1,,,
1,448,8,0.009234014000185198,123961344,0.6215956790123457,ok,nvml_counter,0.6215956790123457,0.6120872011907662,1,324,55,0.5089115779999247,56,0.5088040890000229,0,2.9621999829032575e-05,123,22,3.0003365259999555,15471542272,76,77,1545,960,35.839,65.026,,1,,,
2,448,8,0.009238527999968937,123961344,0.6200953846153846,ok,nvml_counter,0.6200953846153846,0.612010657257277,1,325,55,0.5083851099998355,56,0.5091798399998879,0,2.4295999992318684e-05,124,23,3.0050290159999804,15471542272,76,77,1560,870,35.543,64.928,,1,,,
0,112,252,0.02985046499998134,394727424,2.0123465346534655,ok,nvml_counter,2.0123465346534655,1.9918153690888791,1,101,20,0.599712135000118,20,0.5954749889999675,0,0.00018548549996921793,122,26,3.0299500109999826,15471542272,77,77,1560,945,35.74,67.184,,1,,,
1,112,252,0.02989318800007368,394727424,2.013940594059406,ok,nvml_counter,2.013940594059406,2.0011968588782163,1,101,20,0.6006361439999637,20,0.5930729520000568,0,0.00022290000015345868,122,20,3.0221148170001015,15471542272,76,77,1560,870,42.118,66.734,,1,,,
2,112,252,0.029773673000136114,394727424,2.012920792079208,ok,nvml_counter,2.012920792079208,2.0060308679439576,1,101,20,0.5979291870000907,20,0.5916274190001332,0,0.000138296500153956,122,19,3.020851537999988,15471542272,76,77,1560,870,40.143,66.694,,1,,,
0,448,128,0.2081982175000121,2343788544,13.872,ok,nvml_counter,13.872,13.881029331515524,1,20,20,4.161878627000078,20,4.159472671999993,0,0.00043641000002025976,164,31,4.160863060999873,15471542272,76,77,1545,780,38.684,67.871,,1,,,
1,448,128,0.2078396885000302,2343788544,13.876499999999998,ok,nvml_counter,13.876499999999998,13.860718172756965,1,20,20,4.161346163999951,20,4.1677350160000515,0,0.0005678164999380897,163,32,4.157450208,15471542272,76,76,1560,870,34.851,70.477,,1,,,
2,448,128,0.20785893799995847,2343788544,13.903450000000001,ok,nvml_counter,13.903450000000001,13.899559858511045,1,20,20,4.1628700659998685,20,4.168916951000028,0,0.0006556805000172972,164,32,4.15971553899999,15471542272,76,77,1350,765,39.08,67.422,,1,,,
0,32,256,0.004309903999910603,103669760,0.2903529411764706,ok,nvml_counter,0.2903529411764706,0.2887850702589864,0,697,117,0.5041273889999047,116,0.5032622710000396,0,1.6349000134141534e-05,125,17,3.0031863300000623,15471542272,76,77,1575,1155,35.938,66.988,,1,,,
1,32,256,0.004314996999937648,103669760,0.2911120689655172,ok,nvml_counter,0.2911120689655172,0.2891991608783847,0,696,116,0.5008927349999794,118,0.5027014470001632,0,1.382699997520831e-05,126,18,3.0026858979999815,15471542272,76,77,1560,1035,36.807,66.105,,1,,,
2,32,256,0.004313960000104089,103669760,0.29136063218390806,ok,nvml_counter,0.29136063218390806,0.28948399316189305,0,696,116,0.5007952509999996,118,0.5028307150000728,0,1.0306500030310417e-05,125,17,3.003406919000099,15471542272,76,77,1545,1050,37.103,66.105,,1,,,
0,272,1,0.0006178940000154398,19938304,0.042227263223918045,ok,nvml_counter,0.042227263223918045,0.04192525717955707,1,4783,792,0.5005201179999403,790,0.5003809830000137,0,6.3019999743119115e-06,128,18,3.0004719890000615,15471542272,76,77,1560,1245,38.783,66.457,,1,,,
1,272,1,0.0006142024999462592,19938304,0.04193225270157938,ok,nvml_counter,0.04193225270157938,0.04171599421782191,1,4812,806,0.500161892000051,810,0.5002306679998583,0,3.5900000057154102e-06,128,22,3.0001476399997955,15471542272,77,77,1575,1230,40.044,65.065,,1,,,
2,272,1,0.0006162059999041958,19938304,0.04082258064516129,ok,nvml_counter,0.04082258064516129,0.04194943098585263,1,4774,801,0.50033920199985,805,0.5000271750000138,0,3.3929995879589114e-06,128,22,3.000137394000376,15471542272,77,77,1575,1245,40.736,58.594,,1,,,
0,224,2,0.0007698215001710196,21308928,0.052459143968871594,ok,nvml_counter,0.052459143968871594,0.05167525580643344,0,3855,646,0.5002733999999691,643,0.5005613690000246,0,8.769500027483446e-06,129,20,3.0003655270002128,15471542272,77,77,1575,1230,58.594,66.792,,1,,,
1,224,2,0.0007710340000812721,21308928,0.05248433859694538,ok,nvml_counter,0.05248433859694538,0.052030461755707,0,3863,645,0.500548618999801,655,0.5001442649995624,0,7.048000043141656e-06,128,24,3.000519900999734,15471542272,76,77,1575,1200,41.427,67.143,,1,,,
2,224,2,0.000767902999996295,21308928,0.052225232198142416,ok,nvml_counter,0.052225232198142416,0.052085027683728836,0,3876,637,0.500730090000161,652,0.500049565000154,0,8.522999905835604e-06,128,22,3.000565494000057,15471542272,76,77,1575,1215,40.439,66.244,,1,,,
0,224,32,0.009016260500175122,174673920,0.6108922155688623,ok,nvml_counter,0.6108922155688623,0.6059876584090225,0,334,56,0.5039459469999201,57,0.5044919079996362,0,9.924500022862048e-05,123,19,3.0019754200002353,15471542272,76,76,1575,900,38.19,67.871,,1,,,
1,224,32,0.008996931999945446,174673920,0.6093522388059702,ok,nvml_counter,0.6093522388059702,0.6054747790464475,0,335,56,0.5020299530001466,57,0.5001950890000444,0,4.9821000175143126e-05,123,19,3.000658243000089,15471542272,76,76,1560,885,35.74,66.595,,1,,,
2,224,32,0.008916155499946399,174673920,0.6070979228486647,ok,nvml_counter,0.6070979228486647,0.602196873244474,0,337,56,0.500405457999932,57,0.5041185569998561,0,9.381050017509551e-05,123,22,3.0051617190001707,15471542272,75,76,1560,870,37.125,67.871,,1,,,
0,512,8,0.011679703000027075,156336128,0.7871796875,ok,nvml_counter,0.7871796875,0.7828718331818867,0,256,43,0.5046664179999425,44,0.5069569319998664,0,5.155400003786781e-05,124,21,3.0033570980003788,15471542272,75,76,1560,945,36.532,67.029,,1,,,
1,512,8,0.01168579699969996,156336128,0.78735546875,ok,nvml_counter,0.78735546875,0.7821293563163696,0,256,43,0.5046561670001211,44,0.505020605000027,0,6.898799983900972e-05,123,20,3.0069600240003638,15471542272,75,76,1560,900,37.026,65.36,,1,,,
2,512,8,0.011704345999987709,156336128,0.78316796875,ok,nvml_counter,0.78316796875,0.780782974730684,0,256,43,0.5047957140000108,44,0.5044413000000532,0,9.98010000330396e-05,124,20,3.0051196080003137,15471542272,75,76,1560,915,36.433,66.105,,1,,,
0,64,1,0.0005042959999173036,23969792,0.03225867177967579,ok,nvml_counter,0.03225867177967579,0.032324381221251065,0,5737,970,0.5001297359999626,952,0.5003696969997691,0,2.2513999965667608e-05,132,20,3.0003033109996977,15471542272,76,77,1560,1590,34.851,61.924,,1,,,
1,64,1,0.0005035214999224991,23969792,0.03230112945264987,ok,nvml_counter,0.03230112945264987,0.03238117186871227,0,5755,978,0.500304916999994,948,0.5000875919999999,0,1.902799976960523e-05,131,18,3.0001265290002266,15471542272,76,77,1590,1590,43.574,62.256,,1,,,
2,64,1,0.0004979330001333437,23969792,0.03265559286092949,ok,nvml_counter,0.03265559286092949,0.03264620141930968,0,5659,981,0.5003931199998988,978,0.5003264739998485,0,1.2481999874580652e-05,131,16,3.000041332999899,15471542272,76,77,1590,1590,43.647,62.158,,1,,,
0,256,64,0.02181325299989112,431923200,1.4284202898550726,ok,nvml_counter,1.4284202898550726,1.4713544135528052,0,138,23,0.5013340620002964,24,0.5176504910000403,0,0.00013587699959316524,124,19,3.013269188999857,15471542272,76,77,1590,840,43.673,57.35,,1,,,
1,256,64,0.02185602600002312,431923200,1.4785434782608695,ok,nvml_counter,1.4785434782608695,1.4778250522072955,0,138,23,0.5034992580003745,24,0.5203477620002559,0,0.00015952200010360684,124,21,3.019163685999956,15471542272,76,77,1560,810,40.044,68.165,,1,,,
2,256,64,0.022045509000236052,431923200,1.4892262773722629,ok,nvml_counter,1.4892262773722629,1.4658253653349447,0,137,23,0.5053016240003672,24,0.5185614320002969,0,0.00020219500038365368,123,22,3.0021929770000497,15471542272,76,77,1560,825,35.74,67.871,,1,,,
0,112,229,0.02806300099996406,367727616,1.892,ok,nvml_counter,1.892,1.8761892789767984,1,107,20,0.5630772370000159,20,0.5610836509999899,0,0.00013589449986284308,121,23,3.008424754999851,15471542272,77,77,1560,945,36.037,67.675,,1,,,
1,112,229,0.028145191000248815,367727616,1.8924205607476636,ok,nvml_counter,1.8924205607476636,1.884491260873651,1,107,20,0.5629554150000331,20,0.5572077449996868,0,0.00011955800005125639,122,23,3.0157708540000385,15471542272,76,77,1440,1005,39.376,65.556,,1,,,
2,112,229,0.028215575999865905,367727616,1.8312616822429906,ok,nvml_counter,1.8312616822429906,1.8797960227788497,1,107,20,0.5655450790000032,20,0.5559685459998036,0,0.00018515200008550892,121,22,3.0125169000002643,15471542272,77,77,1560,855,36.828,66.497,,1,,,
0,256,1,0.0005709440001737676,19499008,0.03873944773175542,ok,nvml_counter,0.03873944773175542,0.03965669837530955,0,5070,861,0.5001610100002836,859,0.500433626999893,0,8.443999831797555e-06,128,25,3.000371712999822,15471542272,77,78,1575,1275,38.289,67.086,,1,,,
1,256,1,0.0005704674999833514,19499008,0.03917770909793317,ok,nvml_counter,0.03917770909793317,0.03889824184997365,0,5177,860,0.5004417449999892,866,0.5005560829999922,0,7.323000090764253e-06,129,18,3.0001000870001917,15471542272,77,78,1575,1320,44.758,66.105,,1,,,
2,256,1,0.0005693089999567746,19499008,0.039308541545613015,ok,nvml_counter,0.039308541545613015,0.038958815665363224,0,5163,864,0.5005165910001779,864,0.5004378260000522,0,6.506999852717854e-06,129,19,3.000057893000303,15471542272,78,78,1575,1305,40.364,65.32,,1,,,
0,128,32,0.003167042500081152,49381376,0.21360361317747079,ok,nvml_counter,0.21360361317747079,0.2102222413292285,0,941,158,0.5030700020001859,159,0.5012225089999447,0,2.8769000209649676e-05,126,21,3.002700822999941,15471542272,77,78,1575,990,40.736,67.577,,1,,,
1,128,32,0.003165466500149705,49381376,0.21404569606801274,ok,nvml_counter,0.21404569606801274,0.21016303988332038,0,941,158,0.5030653710000479,160,0.5007101830001375,0,2.2077500261730165e-05,126,23,3.000339439000072,15471542272,77,77,1560,1020,36.63,67.52,,1,,,
2,128,32,0.0031612899999799993,49381376,0.2130274841437632,ok,nvml_counter,0.2130274841437632,0.21175204386710175,0,946,158,0.5024470759999531,161,0.5006842339998911,0,1.586550001775322e-05,125,21,3.0016779640000095,15471542272,77,77,1575,1005,38.783,66.734,,1,,,
0,32,64,0.0008947669998633501,18186240,0.058462314540059346,ok,nvml_counter,0.058462314540059346,0.06009382975739284,0,3370,562,0.5007820519999768,560,0.500152934000198,0,1.861050009210885e-05,129,21,3.0004499679998844,15471542272,76,77,1560,1305,39.847,57.084,,1,,,
1,32,64,0.0009004919998005789,18186240,0.06023174697014484,ok,nvml_counter,0.06023174697014484,0.05987439728079951,0,3383,557,0.5004201370002193,566,0.5001673770002526,0,2.303000019310275e-05,129,22,3.0008153909998327,15471542272,76,77,1560,1320,57.084,66.89,,1,,,
2,32,64,0.00089543500007494,18186240,0.060191602602010646,ok,nvml_counter,0.060191602602010646,0.05988898672015482,0,3382,551,0.5007910379999885,570,0.5002518689998396,0,2.6406999950268073e-05,129,18,3.0007097669999894,15471542272,76,77,1455,1365,40.538,66.047,,1,,,
0,112,1,0.000573283999983687,24273920,0.03824428233438486,ok,nvml_counter,0.03824428233438486,0.03819726138479865,1,5072,859,0.5003689069999382,841,0.5003364720000718,0,1.5082000118127326e-05,131,17,3.000438909999957,15471542272,76,76,1575,1590,43.377,64.712,,1,,,
1,112,1,0.0005791180001324392,24273920,0.03855424102666934,ok,nvml_counter,0.03855424102666934,0.038550012922617255,1,4987,853,0.5005901660001655,845,0.5000727339997866,0,1.4806000308453804e-05,131,18,3.0002888549997806,15471542272,76,76,1590,1590,49.338,64.319,,1,,,
2,112,1,0.0005842670000220096,24273920,0.03810676929149398,ok,nvml_counter,0.03810676929149398,0.03798486932461983,1,5067,842,0.500212245000057,844,0.5003759080000236,0,1.7058999901564675e-05,132,17,3.0004778920001627,15471542272,75,76,1590,1590,52.263,64.123,,1,,,
0,64,8,0.0004979445000117266,17793536,0.034630093520374085,ok,nvml_counter,0.034630093520374085,0.03425193343957305,0,5988,974,0.5000326760000462,964,0.5000191119997908,0,1.9916499923056108e-05,130,23,3.0001070140001502,15471542272,75,76,1590,1515,48.648,68.138,,1,,,
1,64,8,0.00048627149999447283,17793536,0.034834871622755496,ok,nvml_counter,0.034834871622755496,0.03454888266017223,0,5959,1010,0.5000487080001221,947,0.5002078779998556,0,8.903499974621809e-06,130,20,3.000175532999947,15471542272,76,77,1575,1545,44.436,67.927,,1,,,
2,64,8,0.0004828239998460049,17793536,0.03467386572911435,ok,nvml_counter,0.03467386572911435,0.0344627777992718,0,5973,1008,0.5001698689998193,1014,0.5003336770000715,0,1.1009999752786825e-05,130,21,3.0002791469996737,15471542272,76,77,1590,1545,42.587,65.811,,1,,,
0,448,16,0.016931222500261356,307247104,1.1103483146067417,ok,nvml_counter,1.1103483146067417,1.135601148654695,1,178,30,0.5076205390000723,31,0.5163958829998592,0,6.773650011382415e-05,121,13,3.0018190780001532,15471542272,76,76,1575,855,42.982,66.988,,1,,,
1,448,16,0.01684238000007099,307247104,1.1457696629213483,ok,nvml_counter,1.1457696629213483,1.1398917879501786,1,178,30,0.5057494989996485,31,0.515932371999952,0,8.099250021587068e-05,124,18,3.008352074999948,15471542272,76,76,1560,855,37.4,68.263,,1,,,
2,448,16,0.01695379300008426,307247104,1.1473089887640449,ok,nvml_counter,1.1473089887640449,1.1409168628527875,1,178,30,0.5078948400000627,31,0.5158215000001292,0,6.656749997091538e-05,124,16,3.0059947310001007,15471542272,76,76,1545,900,39.748,67.675,,1,,,
0,128,16,0.0016533564999008377,32210944,0.11079669421487603,ok,nvml_counter,0.11079669421487603,0.10920688118767706,0,1815,302,0.5008988549998321,305,0.5004204050001135,0,1.1194500075362157e-05,125,25,3.000398860000132,15471542272,76,77,1560,1155,37.499,69.986,,1,,,
1,128,16,0.0016484070001752116,32210944,0.10745835631549917,ok,nvml_counter,0.10745835631549917,0.11118497768713671,0,1813,304,0.500120478000099,309,0.5013139509997018,0,3.632899984040705e-05,127,26,3.001344460999917,15471542272,76,77,1560,1065,40.341,70.52,,1,,,
2,128,16,0.001661700000113342,32210944,0.11058018609742748,ok,nvml_counter,0.11058018609742748,0.10907878787844566,0,1827,301,0.5003635120001491,305,0.5010179529999732,0,2.2154999896883965e-05,126,22,3.000430035000136,15471542272,76,77,1545,1110,37.301,66.694,,1,,,
0,128,256,0.03355063100002553,431923200,2.1725222222222222,ok,nvml_counter,2.1725222222222222,2.2500497839234272,0,90,20,0.6715911719998076,20,0.6687487740000506,0,0.0001735614998779056,121,18,3.019125783000163,15471542272,76,76,1560,990,38.289,43.673,,1,,,
1,128,256,0.033506795999983296,431923200,2.2458666666666667,ok,nvml_counter,2.2458666666666667,2.21511276374678,0,90,20,0.6701252200000454,20,0.6673190260003139,0,0.00014492850004899083,122,23,3.021430701999634,15471542272,76,76,1560,900,42.883,65.949,,1,,,
2,128,256,0.03342382400001043,431923200,2.253433333333333,ok,nvml_counter,2.253433333333333,2.227834769314759,0,90,20,0.6688658919997579,20,0.6674990090000392,0,0.00019846399982270668,122,17,3.0140243400001054,15471542272,76,76,1545,870,35.74,66.972,,1,,,
0,224,256,0.10801235849999102,1292992512,7.237392857142857,ok,nvml_counter,7.237392857142857,7.197515719302696,0,28,20,2.164777402999789,20,2.1587320549997457,0,0.0008059590002176265,121,25,3.0245726499997545,15471542272,76,76,1560,750,40.439,63.593,,1,,,
1,224,256,0.10848982199991042,1292992512,7.238928571428572,ok,nvml_counter,7.238928571428572,7.222218662909233,0,28,20,2.1626517029999377,20,2.1623563150001246,0,0.0007115959999737242,121,24,3.0277143220000653,15471542272,76,77,1560,900,36.532,64.084,,1,,,
2,224,256,0.10809909899990089,1292992512,7.233785714285714,ok,nvml_counter,7.233785714285714,7.2418595067044595,0,28,20,2.165112900999702,20,2.1588413580002452,0,0.0006581374998404499,121,25,3.0332513660000586,15471542272,76,77,1185,855,34.851,63.828,,1,,,
0,384,4,0.0034098714997981006,53837824,0.22192027334851935,ok,nvml_counter,0.22192027334851935,0.22713173821727975,0,878,146,0.5001794239997253,148,0.5027765590002673,0,2.5618999870857806e-05,126,23,3.000934122000217,15471542272,76,77,1575,1080,35.543,67.282,,1,,,
1,384,4,0.0033971779998864804,53837824,0.22961503416856494,ok,nvml_counter,0.22961503416856494,0.2275225038155781,0,878,147,0.5006833699999333,149,0.5006845190000604,0,1.0104000011779135e-05,125,21,3.0001742170002217,15471542272,77,78,1500,945,41.625,68.6,,1,,,
2,384,4,0.0034064619999298884,53837824,0.2221404109589041,ok,nvml_counter,0.2221404109589041,0.22752892483663234,0,876,146,0.5009667049998825,150,0.5022565250001207,0,5.1249000080133555e-05,126,22,3.0029397549997157,15471542272,77,78,1560,960,37.301,65.655,,1,,,
0,224,1,0.0005427620003501943,18699776,0.037893526247449454,ok,nvml_counter,0.037893526247449454,0.037523718234645204,0,5391,903,0.5004863700000897,897,0.5002071620001516,0,1.0053000551124569e-05,128,20,3.0000811639997664,15471542272,77,78,1470,1365,39.574,67.38,,1,,,
1,224,1,0.0005400839997946605,18699776,0.037814328026656796,ok,nvml_counter,0.037814328026656796,0.037594067970490495,0,5402,904,0.5000785349998296,910,0.50042713799985,0,8.771999773671268e-06,129,20,3.0002587660001154,15471542272,77,78,1575,1395,41.23,68.754,,1,,,
2,224,1,0.0005440859999907843,18699776,0.03736095865349433,ok,nvml_counter,0.03736095865349433,0.03710597011308552,0,5466,897,0.5003523820000737,857,0.5001640290001887,0,1.1650000033114338e-05,129,23,3.000070444999892,15471542272,77,78,1575,1380,39.946,68.418,,1,,,
0,224,252,0.10614764550018663,1284718592,7.012310344827586,ok,nvml_counter,7.012310344827586,7.014240676431068,1,29,20,2.1225920350002525,20,2.125495096999657,0,0.0003901665002103982,123,25,3.0760165330002565,15471542272,77,76,1575,900,40.538,63.789,,1,,,
1,224,252,0.1052771270001358,1284718592,7.00748275862069,ok,nvml_counter,7.00748275862069,7.042115645738573,1,29,20,2.106602648000262,20,2.1114262800001597,0,0.0005321979999735049,122,25,3.056597093000164,15471542272,76,76,1560,765,34.376,63.632,,1,,,
2,224,252,0.10540204800008723,1284718592,7.0056551724137925,ok,nvml_counter,7.0056551724137925,7.011294492392969,1,29,20,2.1048291239999344,20,2.1040761130002466,0,0.0003338730000450596,122,22,3.0503880470000695,15471542272,75,76,1575,765,33.98,64.378,,1,,,
0,224,4,0.0013278989999889745,27377664,0.08988676731793961,ok,nvml_counter,0.08988676731793961,0.08939855577282077,0,2252,375,0.5002253380002912,374,0.5012462720001167,0,9.02700003280188e-06,127,20,3.000603195000167,15471542272,75,76,1560,1155,34.653,65.77,,1,,,
1,224,4,0.0013310720000845322,27377664,0.08980249110320285,ok,nvml_counter,0.08980249110320285,0.08923617480235564,0,2248,375,0.5013018519998695,380,0.5011099849998573,0,4.557000011118362e-06,128,17,3.0006024700001035,15471542272,76,77,1545,1155,37.894,67.478,,1,,,
2,224,4,0.001331284000116284,27377664,0.08995812917594655,ok,nvml_counter,0.08995812917594655,0.08946797891270161,0,2245,375,0.5009468670000388,381,0.5007435909997184,0,4.392999926494667e-06,127,17,3.001309830000082,15471542272,76,77,1545,1155,38.981,67.127,,1,,,
0,112,16,0.0013650699997924676,27377664,0.08889122486288849,ok,nvml_counter,0.08889122486288849,0.09100419450954741,1,2188,363,0.500270725000064,368,0.5003782939998018,0,7.317999916267581e-06,126,18,3.0008121209998535,15471542272,76,77,1575,1155,40.341,65.458,,1,,,
1,112,16,0.0013616210003419837,27377664,0.09195473251028806,ok,nvml_counter,0.09195473251028806,0.0906843522057987,1,2187,365,0.5012285180000617,370,0.5008617970001978,0,6.347000180539908e-06,127,18,3.00087849800002,15471542272,76,77,1560,1125,43.205,69.048,,1,,,
2,112,16,0.0013618650000353227,27377664,0.092348623853211,ok,nvml_counter,0.092348623853211,0.09171989604336564,1,2180,365,0.5005815370000164,369,0.5000063889997364,0,4.663999789045192e-06,127,19,3.000297270000374,15471542272,77,77,1560,1140,38.289,66.849,,1,,,
0,512,252,0.5195571949998339,6131294208,34.441050000000004,ok,nvml_counter,34.441050000000004,34.607841393558225,1,20,20,10.394058053000208,20,10.391211852000197,0,0.0005641375000777771,408,62,10.385368003000167,15471542272,77,77,1575,690,37.894,41.526,,1,,,
1,512,252,0.5195669854999778,6131294208,34.75575,ok,nvml_counter,34.75575,34.68588015879049,1,20,20,10.387278358999993,20,10.399020600999847,0,0.001078071999927488,410,63,10.405342403999839,15471542272,76,77,1470,765,38.586,69.441,,1,,,
2,512,252,0.5216268894998848,6131294208,34.7899,ok,nvml_counter,34.7899,34.73555513919423,1,20,20,10.430014111999753,20,10.434453498000039,0,0.000742569500062018,409,62,10.416538434999893,15471542272,76,77,1575,660,34.949,66.145,,1,,,
0,448,1,0.0013212469998507004,27377664,0.08937985865724381,ok,nvml_counter,0.08937985865724381,0.08866620753337591,1,2264,377,0.5002223179999419,366,0.5010526200003369,0,5.498000064108055e-06,128,21,3.0000052579998737,15471542272,76,78,1575,1125,37.597,69.692,,1,,,
1,448,1,0.0013215140002102999,27377664,0.08921024734982333,ok,nvml_counter,0.08921024734982333,0.08897376236261258,1,2264,377,0.501219473999754,382,0.5000346529996023,0,1.4475000170932617e-05,128,16,3.0004942250002387,15471542272,77,78,1560,1125,38.092,66.792,,1,,,
2,448,1,0.0013233790000413137,27377664,0.08926858407079646,ok,nvml_counter,0.08926858407079646,0.08857604240015195,1,2260,376,0.5009995800000979,383,0.5008998039998005,0,6.69199994263181e-06,128,18,3.0013349719997677,15471542272,77,78,1575,1125,39.475,66.636,,1,,,
0,368,229,0.26450919149988295,3016961024,17.5762,ok,nvml_counter,17.5762,17.684522732974386,1,20,20,5.294303898999715,20,5.309618904000217,0,0.0007356620001246483,207,41,5.293438908000098,15471542272,77,76,1560,735,39.475,49.633,,1,,,
1,368,229,0.26409736599998723,3016961024,17.588050000000003,ok,nvml_counter,17.588050000000003,17.57110850316885,1,20,20,5.284162443999776,20,5.273524779000127,0,0.00052833149993603,210,34,5.274938835999819,15471542272,76,76,1545,780,41.699,69.006,,1,,,
2,368,229,0.2657315855001343,3016961024,17.9319,ok,nvml_counter,17.9319,17.75920492737588,1,20,20,5.31209864199991,20,5.296984202000203,0,0.0004867479997301416,209,40,5.322485631000291,15471542272,76,77,1560,825,39.452,68.263,,1,,,
0,512,229,0.4894397860000481,5682331648,32.34545,ok,nvml_counter,32.34545,32.59229741553702,1,20,20,9.785015501000089,20,9.768853428000057,0,0.0010557575001257646,384,60,9.753987842000242,15471542272,76,77,1560,855,38.981,72.045,,1,,,
1,512,229,0.48519753250002395,5682331648,32.376,ok,nvml_counter,32.376,32.388806315153964,1,20,20,9.704890837999756,20,9.723104052000053,0,0.0004949945000589651,381,59,9.71607691500003,15471542272,76,76,1575,675,40.736,66.89,,1,,,
2,512,229,0.48626079050018234,5682331648,32.43245,ok,nvml_counter,32.43245,32.49204195217916,1,20,20,9.723722740000085,20,9.718755742000212,0,0.0006584185000519938,382,61,9.729265263000343,15471542272,76,77,1185,690,37.894,69.048,,1,,,
0,112,32,0.002634745999785082,41025536,0.1745126637554585,ok,nvml_counter,0.1745126637554585,0.17403567967031236,1,1145,191,0.5001408319999427,189,0.5022197700000106,0,3.88469998142682e-05,126,20,3.002049396000075,15471542272,76,77,1440,1035,34.949,66.105,,1,,,
1,112,32,0.0026052190003156284,41025536,0.17467947598253275,ok,nvml_counter,0.17467947598253275,0.1731636122036796,1,1145,192,0.5016560299995945,196,0.5019938410000577,0,2.8293000696066883e-05,126,21,3.002533025000048,15471542272,77,77,1560,1020,37.4,68.502,,1,,,
2,112,32,0.0026336619998801325,41025536,0.17436910994764399,ok,nvml_counter,0.17436910994764399,0.1724388455603592,1,1146,191,0.5019187100001545,194,0.5012307739998505,0,5.9479998526512645e-06,126,18,3.002354041000217,15471542272,77,78,1575,1050,38.092,67.577,,1,,,
0,256,16,0.005790135000097507,119316480,0.37140229885057474,ok,nvml_counter,0.37140229885057474,0.37934461292804733,0,522,87,0.5029523250000238,89,0.5050687809998635,0,0.00012058199990860885,121,23,3.0002524470000935,15471542272,77,77,1575,900,41.822,68.586,,1,,,
1,256,16,0.005802079999739362,119316480,0.38617850287907873,ok,nvml_counter,0.38617850287907873,0.3795530180307094,0,521,87,0.5039376070003527,89,0.5018074399999932,0,9.70160003817e-05,122,27,3.0013614780000353,15471542272,77,77,1560,930,38.092,66.833,,1,,,
2,256,16,0.005780332999620441,119316480,0.3845038167938931,ok,nvml_counter,0.3845038167938931,0.3782785837582552,0,524,87,0.5024057079999693,89,0.5009842889999163,0,9.66990000961232e-05,121,26,3.0019514850000633,15471542272,76,77,1560,990,36.136,66.382,,1,,,
0,224,33,0.010181917499949122,228128768,0.6871666666666666,ok,nvml_counter,0.6871666666666666,0.6833999174517371,1,294,50,0.5094917390001683,50,0.5064430859997628,0,3.122450016235234e-05,124,17,3.0036329879999357,15471542272,76,77,1560,855,37.894,66.497,,1,,,
1,224,33,0.010197612499950992,228128768,0.6826813559322034,ok,nvml_counter,0.6826813559322034,0.6827379752444338,1,295,50,0.5098210869996365,50,0.500725126999896,0,4.0704000184632605e-05,125,24,3.0089853029999176,15471542272,76,77,1560,885,37.103,66.399,,1,,,
2,224,33,0.010203326000009838,228128768,0.6843694915254238,ok,nvml_counter,0.6843694915254238,0.6812515052546986,1,295,50,0.5096829549997892,50,0.5005104520000714,0,1.9095499965260387e-05,125,20,3.008053812000071,15471542272,76,76,1530,915,36.729,66.44,,1,,,
0,384,229,0.2741440644999784,3116500992,18.283949999999997,ok,nvml_counter,18.283949999999997,18.310161686441873,1,20,20,5.484070425000027,20,5.481144505999964,0,0.0013325310001164326,218,44,5.487706074000016,15471542272,76,76,1560,960,35.74,65.851,,1,,,
1,384,229,0.2757510060000641,3116500992,18.23595,ok,nvml_counter,18.23595,18.29715743613369,1,20,20,5.506052455999907,20,5.501085769999918,0,0.001239900999735255,217,42,5.509859507999863,15471542272,76,77,1560,795,34.455,68.754,,1,,,
2,384,229,0.27579822300026535,3116500992,18.2121,ok,nvml_counter,18.2121,18.45222474232667,1,20,20,5.520794225999907,20,5.517256199000258,0,0.0011594284999318916,217,47,5.5332033169997885,15471542272,76,77,1470,825,35.918,42.784,,1,,,
0,272,256,0.15777224149996982,1761968128,10.46435,ok,nvml_counter,10.46435,10.465874133742542,1,20,20,3.1455900389996714,20,3.1475894870000047,0,0.00071462849996351,124,27,3.1402884499998436,15471542272,76,77,1560,735,43.278,63.239,,1,,,
1,272,256,0.15782025299972702,1761968128,10.4557,ok,nvml_counter,10.4557,10.47704289835724,1,20,20,3.1458831159998226,20,3.1436566030001813,0,0.0005528970002615097,125,25,3.142856345999917,15471542272,76,77,1545,750,37.005,69.79,,1,,,
2,272,256,0.15777057100012826,1761968128,10.4638,ok,nvml_counter,10.4638,10.491934806812665,1,20,20,3.1496305569999095,20,3.150484650999715,0,0.0009867584997209633,125,21,3.142653755000083,15471542272,76,77,1560,720,35.048,70.084,,1,,,
0,384,1,0.0009943580002982344,23822336,0.06666335650446871,ok,nvml_counter,0.06666335650446871,0.06612323890695458,0,3021,503,0.5001798870002858,496,0.5004837900000894,0,6.255000243982067e-06,128,18,3.000717583000096,15471542272,76,78,1560,1110,34.554,68.81,,1,,,
1,384,1,0.000995893499975864,23822336,0.06661844724618447,ok,nvml_counter,0.06661844724618447,0.06592645405695628,0,3014,500,0.5003855300001305,512,0.5002846309998858,0,6.96300003255601e-06,127,16,3.0002963209999507,15471542272,77,78,1575,1125,37.202,65.949,,1,,,
2,384,1,0.0009921430000758846,23822336,0.0663837748344371,ok,nvml_counter,0.0663837748344371,0.06605003748638079,0,3020,503,0.5009334559999843,512,0.5005126080000082,0,5.508999947778648e-06,129,18,3.000033510999856,15471542272,77,77,1560,1110,37.103,66.399,,1,,,
0,112,128,0.015085209000062605,205824000,0.97514,ok,nvml_counter,0.97514,1.0053341602089172,1,200,34,0.5147643079999398,34,0.509020454000165,0,0.00017903549996844959,123,19,3.013411539000117,15471542272,77,77,1560,1005,37.103,43.179,,1,,,
1,112,128,0.015017436500102121,205824000,1.0143015075376884,ok,nvml_counter,1.0143015075376884,1.0084002443791449,1,199,34,0.5147534290003932,34,0.5089580459998615,0,8.557599994674092e-05,121,23,3.000331498000378,15471542272,76,76,1230,900,40.439,67.029,,1,,,
2,112,128,0.015050610500111361,205824000,1.00965,ok,nvml_counter,1.00965,0.9987690320656817,1,200,34,0.5132147399999667,34,0.5058976939999411,0,0.00012549100006253866,124,21,3.0128134080000564,15471542272,76,76,1560,1050,36.532,67.282,,1,,,
0,32,128,0.0023063680000632303,59342848,0.15581076923076922,ok,nvml_counter,0.15581076923076922,0.15501855334448955,0,1300,217,0.501754837000135,217,0.5011231910002607,0,1.1483999969641445e-05,128,25,3.0021111040000505,15471542272,76,77,1560,1125,38.882,69.146,,1,,,
1,32,128,0.0023025099999358645,59342848,0.15582244427363567,ok,nvml_counter,0.15582244427363567,0.154289975877418,0,1301,218,0.5019774239999606,218,0.500147398000081,0,9.460500223212875e-06,126,20,3.000959856999998,15471542272,76,77,1560,1155,39.748,66.497,,1,,,
2,32,128,0.0023030474999359285,59342848,0.1557646153846154,ok,nvml_counter,0.1557646153846154,0.15520851410785078,0,1300,218,0.5020162129999335,218,0.5000621530002718,0,1.0944499990728218e-05,127,26,3.0012101540000913,15471542272,76,77,1560,1170,37.993,67.38,,1,,,
0,128,4,0.0005887224999696627,19497984,0.04080710862619808,ok,nvml_counter,0.04080710862619808,0.04064706962310627,0,5008,838,0.5004284459996597,832,0.5005137210000612,0,6.799999937356915e-06,129,23,3.000406598999689,15471542272,76,77,1560,1335,39.178,66.44,,1,,,
1,128,4,0.0005910025001867325,19497984,0.04124474110032362,ok,nvml_counter,0.04124474110032362,0.04103692984324547,0,4944,832,0.5004617049999069,843,0.500548572000298,0,7.013500180619303e-06,130,24,3.0005070300003354,15471542272,76,77,1575,1350,40.044,67.913,,1,,,
2,128,4,0.0005901939998693706,19497984,0.04089873924354613,ok,nvml_counter,0.04089873924354613,0.040608872535031634,0,4997,835,0.500181160000011,841,0.5003550609999365,0,6.752999979653396e-06,129,24,3.0005921759998273,15471542272,76,77,1575,1395,41.032,68.165,,1,,,
0,128,64,0.005963797499816792,119316480,0.38738568588469185,ok,nvml_counter,0.38738568588469185,0.39718378424431267,0,503,84,0.5013223999999354,85,0.5026908710001408,0,1.6737499663577182e-05,124,23,3.0038567420001527,15471542272,76,76,1575,930,40.834,49.436,,1,,,
1,128,64,0.005960867499879896,119316480,0.38729166666666665,ok,nvml_counter,0.38729166666666665,0.3949428626894652,0,504,84,0.5002340370001548,86,0.5026235590003125,0,2.0941000229868223e-05,124,22,3.0026585720002004,15471542272,76,76,1560,975,40.538,46.211,,1,,,
2,128,64,0.005961214000080872,119316480,0.3879801192842942,ok,nvml_counter,0.3879801192842942,0.39484495737009145,0,503,84,0.5002254429996356,85,0.5006020179998814,0,1.8824999870048487e-05,123,17,3.0032911080002123,15471542272,76,76,1545,930,46.211,67.927,,1,,,
0,368,1,0.0009418429999641376,23822336,0.0636898075102556,ok,nvml_counter,0.0636898075102556,0.06312339805456689,1,3169,529,0.5002721519999795,531,0.5007015160003903,0,6.539999958476983e-06,128,18,3.000609199000337,15471542272,75,76,1560,1140,35.543,66.694,,1,,,
1,368,1,0.0009429669999008183,23822336,0.06361849163774061,ok,nvml_counter,0.06361849163774061,0.06319779504068078,1,3169,529,0.5003333099998599,534,0.5005227990000094,0,5.348999820853351e-06,127,17,3.0007619329999216,15471542272,76,76,1560,1140,37.301,66.595,,1,,,
2,368,1,0.0009459124999011692,23822336,0.06365105979120532,ok,nvml_counter,0.06365105979120532,0.06318879983288228,1,3161,526,0.5004673690000345,535,0.5003456119998191,0,9.152000302492524e-06,128,16,3.000800894999884,15471542272,76,77,1560,1140,37.499,66.44,,1,,,
0,272,229,0.14233813650002958,1622790144,9.528136363636364,ok,nvml_counter,9.528136363636364,9.383219323080615,1,22,20,2.8439860109997426,20,2.8341236699998262,0,0.00019517099985932873,125,23,3.135919396999725,15471542272,76,76,1575,750,38.289,62.551,,1,,,
1,272,229,0.1419687539998904,1622790144,9.531681818181818,ok,nvml_counter,9.531681818181818,9.4517546492826,1,22,20,2.8402302009999403,20,2.8418900760002543,0,0.00019482749985400005,123,25,3.1239343869997356,15471542272,75,76,1560,735,34.158,70.673,,1,,,
2,272,229,0.14204514550010572,1622790144,9.517772727272726,ok,nvml_counter,9.517772727272726,9.42236695677687,1,22,20,2.8402909120000004,20,2.846984277000047,0,0.0001774789998307824,125,24,3.141535160999865,15471542272,76,77,1530,735,37.103,46.408,,1,,,
0,32,229,0.003932362500108866,94227968,0.2562044560943644,ok,nvml_counter,0.2562044560943644,0.26163986510378856,1,763,128,0.5036682550003206,128,0.5027567030001592,0,2.358350002396037e-05,125,22,3.00162080400014,15471542272,76,77,1275,1065,38.761,51.309,,1,,,
1,32,229,0.003916718500022398,94227968,0.25591361256544504,ok,nvml_counter,0.25591361256544504,0.2638669417431627,1,764,128,0.5024485750000167,129,0.5001186509998661,0,2.19065000237606e-05,125,22,3.0030450590002147,15471542272,77,78,1560,1050,42.587,66.301,,1,,,
2,32,229,0.003911435999953028,94227968,0.25653342070773266,ok,nvml_counter,0.25653342070773266,0.26446696278247633,1,763,128,0.5018734069999482,129,0.5037476719999177,0,1.7835499875218375e-05,125,18,3.0000714059997335,15471542272,77,78,1560,1050,42.612,66.047,,1,,,
0,272,33,0.014020286499999202,303794176,0.9159441860465116,ok,nvml_counter,0.9159441860465116,0.9414806633153509,1,215,36,0.5048024960001385,37,0.5112715230002323,0,0.00010200149995398533,124,21,3.0081507310001143,15471542272,77,78,1560,1005,39.057,41.032,,1,,,
1,272,33,0.013976635000062743,303794176,0.9475162790697674,ok,nvml_counter,0.9475162790697674,0.9426659407271855,1,215,36,0.5048123429996849,37,0.5059355359999245,0,5.5777499937903485e-05,123,18,3.0081271310000375,15471542272,77,78,1260,825,38.586,68.165,,1,,,
2,272,33,0.014033259999905567,303794176,0.9459162790697675,ok,nvml_counter,0.9459162790697675,0.9395327961016532,1,215,36,0.5051650959999279,37,0.5102976119997038,0,8.37024999782443e-05,123,18,3.0027435609999884,15471542272,77,77,1560,810,38.981,66.988,,1,,,
0,368,8,0.006569377000005261,88383488,0.43706956521739126,ok,nvml_counter,0.43706956521739126,0.4332596032345645,1,460,76,0.5017074770003092,78,0.5008758110002418,0,7.849549979255244e-05,124,25,3.001257918999727,15471542272,77,77,1560,930,37.103,66.497,,1,,,
1,368,8,0.006490950000170415,88383488,0.4380065502183406,ok,nvml_counter,0.4380065502183406,0.43439095287355295,1,458,77,0.5026311789997635,78,0.5029128440000932,0,9.55420000536833e-05,124,23,3.003559752000001,15471542272,77,77,1560,900,38.981,61.999,,1,,,
2,368,8,0.006405894500176146,88383488,0.4224304347826087,ok,nvml_counter,0.4224304347826087,0.4338156881446005,1,460,78,0.5015680289998272,80,0.5063278100001298,0,6.342499978018168e-05,124,21,3.0008655720002935,15471542272,77,77,1470,975,61.999,67.308,,1,,,
0,128,1,0.0006088149998504377,24412160,0.04338421491045397,ok,nvml_counter,0.04338421491045397,0.0430359663632175,0,4802,805,0.5000195970001187,796,0.5003857270003209,0,7.511000148952007e-06,128,18,3.00051184799986,15471542272,76,77,1545,1500,34.949,69.202,,1,,,
1,128,1,0.0006066460000511142,24412160,0.04331081926203877,ok,nvml_counter,0.04331081926203877,0.043118011397194,0,4797,811,0.5004645059998438,808,0.5001587130000189,0,6.500999916170258e-06,128,20,3.0006151580000733,15471542272,77,77,1575,1500,41.822,68.361,,1,,,
2,128,1,0.0006063549999453244,24412160,0.04289456342668863,ok,nvml_counter,0.04289456342668863,0.04260153953679651,0,4856,814,0.5000667640001666,813,0.5003049380002267,0,6.3970001065172255e-06,128,17,3.0004215129997647,15471542272,76,77,1575,1515,41.131,68.656,,1,,,
0,112,256,0.030400051500009795,396533760,2.043131313131313,ok,nvml_counter,2.043131313131313,2.0273676328135712,1,99,20,0.6098806210002294,20,0.6018602589997499,0,0.00016877250004654343,121,23,3.0103949909998846,15471542272,76,76,1575,885,41.23,64.869,,1,,,
1,112,256,0.030188557499968738,396533760,2.045737373737374,ok,nvml_counter,2.045737373737374,2.008615110186725,1,99,20,0.6044867809996504,20,0.6022308409997095,0,0.00020710500007226074,121,18,3.0134674979999545,15471542272,75,76,1560,870,36.037,66.931,,1,,,
2,112,256,0.030179290999967634,396533760,1.975111111111111,ok,nvml_counter,1.975111111111111,2.008697892418673,1,99,20,0.6050260040001376,20,0.6011798269996689,0,0.00012264549991414242,122,22,3.001214940999944,15471542272,75,76,1560,855,35.246,66.89,,1,,,
0,64,252,0.00959039400004258,137461760,0.6445700636942675,ok,nvml_counter,0.6445700636942675,0.6374361077518448,1,314,53,0.5084202050002204,53,0.5036693429997285,0,5.786100018667639e-05,124,20,3.002980505999858,15471542272,75,76,1560,975,35.543,67.324,,1,,,
1,64,252,0.009575716000199463,137461760,0.6473044871794872,ok,nvml_counter,0.6473044871794872,0.6393338537130484,1,312,53,0.5075824099999409,53,0.5029353780000747,0,6.931599955350976e-05,124,24,3.0003302740001345,15471542272,75,76,1560,975,36.906,68.052,,1,,,
2,64,252,0.00960077799982173,137461760,0.6476923076923077,ok,nvml_counter,0.6476923076923077,0.6445296419227862,1,312,53,0.5088278050002373,53,0.5051555479999479,0,5.347799969968037e-05,123,21,3.005330282000159,15471542272,75,76,1545,960,36.235,65.949,,1,,,
0,272,16,0.006460511500108623,125280256,0.43403017241379305,ok,nvml_counter,0.43403017241379305,0.431621870549471,1,464,78,0.5022626469999523,79,0.505139297000369,0,1.9324500044604065e-05,125,19,3.005090861000099,15471542272,76,77,1560,885,36.235,66.244,,1,,,
1,272,16,0.0064832059999844205,125280256,0.43496112311015117,ok,nvml_counter,0.43496112311015117,0.4318073554860529,1,463,78,0.5058827309999288,79,0.5029949200002193,0,1.751900003910123e-05,125,16,3.0005645680003,15471542272,76,77,1560,885,35.543,67.422,,1,,,
2,272,16,0.0064950949999911245,125280256,0.43564578833693307,ok,nvml_counter,0.43564578833693307,0.43344080922052786,1,463,77,0.5005673279997609,79,0.5025696349998725,0,1.4974999885453144e-05,125,17,3.0028352679996715,15471542272,76,77,1560,960,35.938,66.931,,1,,,
0,128,128,0.016704645500112747,223518720,1.125513966480447,ok,nvml_counter,1.125513966480447,1.115046281156523,0,179,30,0.5032368699999097,31,0.5158801429997766,0,0.00016272650032078673,123,20,3.0000583159999223,15471542272,76,77,1545,915,36.037,66.342,,1,,,
1,128,128,0.016739811499974167,223518720,1.1172499999999999,ok,nvml_counter,1.1172499999999999,1.1123988218456498,0,180,30,0.5024941689998741,31,0.515940517999752,0,0.00012425049999365,123,22,3.01335459899974,15471542272,77,77,1575,1095,35.938,66.734,,1,,,
2,128,128,0.016763318500125024,223518720,1.121238888888889,ok,nvml_counter,1.121238888888889,1.1167406983520232,0,180,30,0.5030898519999027,31,0.5146932379998361,0,6.532399993375293e-05,122,18,3.0157621799999106,15471542272,77,77,1575,900,40.242,66.44,,1,,,
0,512,2,0.0030507500000567234,49381376,0.20663655030800823,ok,nvml_counter,0.20663655030800823,0.20542275297274412,0,974,163,0.5005601490001936,165,0.5008754000000408,0,1.2688999959209468e-05,126,24,3.0001140430003943,15471542272,77,78,1560,1020,37.005,66.44,,1,,,
1,512,2,0.0030581099999835715,49381376,0.20616700819672132,ok,nvml_counter,0.20616700819672132,0.20487608252424913,0,976,163,0.5013221579997662,167,0.502794811000058,0,1.1883999832207337e-05,127,19,3.0006687229997624,15471542272,77,78,1560,1005,38.684,67.422,,1,,,
2,512,2,0.00305258300022615,49381376,0.20617893660531697,ok,nvml_counter,0.20617893660531697,0.20429498303716723,0,978,163,0.5003950639998038,167,0.5015896230001999,0,1.3253999895823654e-05,126,21,3.0023456710000573,15471542272,77,78,1560,1005,39.475,66.89,,1,,,
0,512,32,0.042440566000095714,784355328,2.871267605633803,ok,nvml_counter,2.871267605633803,2.861827288038648,0,71,20,0.8508646169998428,20,0.8491881240001931,0,0.00025486099980298604,123,21,3.0172927670000718,15471542272,77,77,1545,855,42.883,67.577,,1,,,
1,512,32,0.04228632050012493,784355328,2.866957746478873,ok,nvml_counter,2.866957746478873,2.843304535019671,0,71,20,0.8494689399999515,20,0.8460985490000894,0,0.00034817649998331035,123,17,3.0123126200001025,15471542272,77,77,1560,960,37.993,66.734,,1,,,
2,512,32,0.042385785500073325,784355328,2.774380281690141,ok,nvml_counter,2.774380281690141,2.855417283353459,0,71,20,0.8491341099997953,20,0.8424138469999889,0,0.00040633100002196443,123,22,3.01133705500024,15471542272,77,77,1245,855,35.246,49.042,,1,,,
0,64,256,0.009952009000244288,138272768,0.6651710526315789,ok,nvml_counter,0.6651710526315789,0.6608485676621169,0,304,51,0.5065682590002325,51,0.5075110029997632,0,7.230899973365013e-05,121,21,3.0094904180000412,15471542272,76,76,1455,1095,41.131,65.28,,1,,,
1,64,256,0.009868121000181418,138272768,0.6439605263157895,ok,nvml_counter,0.6439605263157895,0.6563697000420868,0,304,51,0.5028715060002469,51,0.5006448300000557,0,9.779899983186624e-05,121,27,3.006060022999918,15471542272,76,76,1575,990,40.242,64.201,,1,,,
2,64,256,0.009920626000166521,138272768,0.6440263157894737,ok,nvml_counter,0.6440263157894737,0.662667096254423,0,304,51,0.505672549999872,52,0.5079606650001551,0,6.0897999901499134e-05,123,25,3.0092800769998576,15471542272,76,76,1560,960,47.789,44.363,,1,,,
0,384,64,0.04806024300023637,857407488,3.240285714285714,ok,nvml_counter,3.240285714285714,3.2350394767251607,0,63,20,0.9614452850000816,20,0.9500508969999828,0,0.000378614500277763,123,24,3.025947902000098,15471542272,75,76,1560,810,44.363,66.931,,1,,,
1,384,64,0.04797858099982477,857407488,3.241111111111111,ok,nvml_counter,3.241111111111111,3.233485589185915,0,63,20,0.9616290129997651,20,0.9501493200000368,0,0.0002866249999442516,123,21,3.0276592290001645,15471542272,76,76,1560,810,37.005,68.263,,1,,,
2,384,64,0.047999833499943634,857407488,3.2445396825396826,ok,nvml_counter,3.2445396825396826,3.2304997625219527,0,63,20,0.9616678630000024,20,0.9584116279997943,0,0.00028653599997596757,123,22,3.033336413000143,15471542272,76,77,1350,810,36.906,66.399,,1,,,
0,448,64,0.06702822449983614,1180499968,4.550311111111111,ok,nvml_counter,4.550311111111111,4.614490961770898,1,45,20,1.3491288210002494,20,1.3409807339999134,0,0.0006776679997528845,122,13,3.0392143530002613,15471542272,76,77,1575,810,36.807,69.048,,1,,,
1,448,64,0.06730921400003353,1180499968,4.523488888888888,ok,nvml_counter,4.523488888888888,4.514098405637015,1,45,20,1.351274600999659,20,1.3456723889999012,0,0.001042932500013194,122,12,3.0384320690000095,15471542272,76,77,1545,780,39.649,66.931,,1,,,
2,448,64,0.06711498649974601,1180499968,4.510311111111111,ok,nvml_counter,4.510311111111111,4.459363345852197,1,45,20,1.3536836609996499,20,1.347502127000098,0,0.0007127485000637535,122,21,3.0422849259998657,15471542272,76,77,1260,810,34.455,66.538,,1,,,
0,272,128,0.0762030330001835,887660544,5.1126,ok,nvml_counter,5.1126,5.135379171940647,1,40,20,1.5257023219996881,20,1.5230008300000009,0,0.0004915605002224765,121,19,3.048404066999865,15471542272,76,77,1560,780,38.388,68.558,,1,,,
1,272,128,0.07622483149998516,887660544,5.115975000000001,ok,nvml_counter,5.115975000000001,5.145337012529694,1,40,20,1.5234883299999638,20,1.5197853929998928,0,0.00011884400009876117,121,19,3.0480228490000627,15471542272,76,77,1545,810,37.795,71.457,,1,,,
2,272,128,0.0760458345000643,887660544,5.0923,ok,nvml_counter,5.0923,5.1752177115431,1,40,20,1.5213235430001077,20,1.5223640540002634,0,0.00028143800022917276,121,16,3.042047872999774,15471542272,76,77,1560,780,39.475,67.478,,1,,,
0,224,8,0.0025762290001694055,41025536,0.17256824034334764,ok,nvml_counter,0.17256824034334764,0.17168886627787847,0,1165,195,0.5013780049998786,196,0.5020377000000735,0,9.032999969349476e-06,125,20,3.000114522000331,15471542272,76,77,1545,990,37.301,65.851,,1,,,
1,224,8,0.0025790899999265093,41025536,0.17243213058419246,ok,nvml_counter,0.17243213058419246,0.17150670867986398,0,1164,194,0.5000610680003774,199,0.5014921139995749,0,9.613999964130926e-06,125,18,3.0003682130000016,15471542272,76,77,1575,990,39.353,65.851,,1,,,
2,224,8,0.002575835500010726,41025536,0.16662166809974205,ok,nvml_counter,0.16662166809974205,0.17134651996640818,0,1163,194,0.5014133680001578,199,0.5005108410000503,0,7.112000048437039e-06,126,19,3.001646047000122,15471542272,77,77,1560,990,40.068,57.02,,1,,,
0,384,32,0.02423984400002155,436260864,1.640701612903226,ok,nvml_counter,1.640701612903226,1.6396504152113136,0,124,21,0.5099341889999778,21,0.5012140240000917,0,8.122899998852517e-05,125,17,3.012382591000005,15471542272,77,77,1575,855,40.538,67.969,,1,,,
1,384,32,0.024205095000070287,436260864,1.642991935483871,ok,nvml_counter,1.642991935483871,1.6230666782696945,0,124,21,0.5101000879999447,21,0.5027518629999577,0,9.144799969362793e-05,123,21,3.011045660000036,15471542272,76,77,1560,840,37.103,66.636,,1,,,
2,384,32,0.02420185600021796,436260864,1.6453467741935484,ok,nvml_counter,1.6453467741935484,1.6295256515711722,0,124,21,0.5086451309998665,21,0.5045554800003629,0,6.756400034646504e-05,123,17,3.0039910370001053,15471542272,76,77,1470,855,39.452,67.716,,1,,,
0,272,252,0.15348937149997255,1750933504,10.14345,ok,nvml_counter,10.14345,10.308851485349841,1,20,20,3.0659540560000096,20,3.06773726099982,0,0.0011552094999842666,123,25,3.0637738270002046,15471542272,76,77,1560,765,38.981,69.146,,1,,,
1,272,252,0.15304641550028464,1750933504,10.5291,ok,nvml_counter,10.5291,10.152698373041138,1,20,20,3.058283907999794,20,3.0652413709999564,0,0.0010081885002364288,121,24,3.0507645910001884,15471542272,76,76,1560,735,34.949,62.393,,1,,,
2,272,252,0.15249546199993347,1750933504,10.5196,ok,nvml_counter,10.5196,10.174674056071577,1,20,20,3.050001431000055,20,3.054242076000264,0,0.0010842900001080125,121,22,3.0496205839999675,15471542272,76,76,1560,750,39.452,65.164,,1,,,
0,32,8,0.0004663650001930364,19537920,0.029123680478966442,ok,nvml_counter,0.029123680478966442,0.029064283704984824,0,6347,1049,0.5002885760000026,1012,0.5003977190003752,0,1.812899972719606e-05,132,14,3.000003090000064,15471542272,76,77,1545,1590,40.143,61.47,,1,,,
1,32,8,0.0004770934999669407,19537920,0.030107438016528928,ok,nvml_counter,0.030107438016528928,0.030053030692558,0,6050,1030,0.5003387970000404,1054,0.5002858259999812,0,2.258900008200726e-05,132,20,3.0003896509997503,15471542272,76,77,1590,1590,42.094,61.274,,1,,,
2,32,8,0.0004667519999657088,19537920,0.028875914681612953,ok,nvml_counter,0.028875914681612953,0.02883943435104368,0,6423,1048,0.5004097609999008,988,0.5001296219998039,0,1.5303000054700533e-05,132,16,3.00011437799958,15471542272,76,77,1590,1590,61.274,59.345,,1,,,
0,64,128,0.005132659499849979,76644352,0.3465934819897084,ok,nvml_counter,0.3465934819897084,0.34434995781619887,0,583,98,0.5050986420001209,98,0.5024755600002209,0,5.20679998317064e-05,124,19,3.002458268999817,15471542272,76,77,1590,1005,41.798,66.538,,1,,,
1,64,128,0.005124053000145068,76644352,0.3472749140893471,ok,nvml_counter,0.3472749140893471,0.3449905507200126,0,582,98,0.5044999870001448,99,0.5048082010002872,0,3.9294000089284964e-05,124,19,3.0011179870002707,15471542272,76,77,1545,1005,40.068,66.301,,1,,,
2,64,128,0.005134063999776117,76644352,0.3353481989708405,ok,nvml_counter,0.3353481989708405,0.3445179138086133,0,583,97,0.501476324000123,98,0.501286786000037,0,3.794799977185903e-05,124,22,3.0026381259999653,15471542272,76,77,1545,1020,39.946,50.422,,1,,,
0,448,252,0.41976453099960054,4643954688,27.98825,ok,nvml_counter,27.98825,28.004315795195463,1,20,20,8.390840720000142,20,8.372153670999978,0,0.0010491499999716325,332,60,8.408443980000357,15471542272,76,77,1575,675,40.439,70.673,,1,,,
1,448,252,0.42100904200015066,4643954688,28.021949999999997,ok,nvml_counter,28.021949999999997,28.00366368597213,1,20,20,8.419839056,20,8.4104967520002,0,0.0006402374999652238,331,58,8.40487589500026,15471542272,76,77,1560,915,39.551,69.3,,1,,,
2,448,252,0.4221641139999974,4643954688,28.0282,ok,nvml_counter,28.0282,28.086139287420043,1,20,20,8.438510427999972,20,8.429570072999923,0,0.0019264320001184387,331,60,8.426129942999978,15471542272,76,77,1275,645,34.653,53.807,,1,,,
0,112,8,0.0008755334999932529,20553728,0.05732795067527892,ok,nvml_counter,0.05732795067527892,0.0588239952502791,1,3406,568,0.5003116990001217,549,0.5005958360002296,0,5.176000058781938e-06,129,23,3.00010657599978,15471542272,76,77,1560,1275,39.847,59.837,,1,,,
1,112,8,0.0008779370000411291,20553728,0.057536219081272086,ok,nvml_counter,0.057536219081272086,0.05869608807137888,1,3396,567,0.5000264250002147,573,0.5008099149999907,0,7.743999958620407e-06,128,23,3.000279847999991,15471542272,77,78,1575,1290,59.837,66.301,,1,,,
2,112,8,0.0008744900003421208,20553728,0.05932345171705313,ok,nvml_counter,0.05932345171705313,0.05909449835125364,1,3407,570,0.5006491870003629,577,0.5000365689998034,0,6.679000307485694e-06,128,21,3.00004309499991,15471542272,77,78,1575,1275,43.475,66.89,,1,,,
